Name,Team,Pos,G,GS,Inn,PO,A,E,FE,TE,DP,DPS,DPT,DPF,Scp,SB,CS,PB,WP,FP,TZ,NameASCII,PlayerId,MLBAMID
"David Peralta","- - -","LF",129,103,860,208,2,2,1,1,0,1,0,0,,,,,,0.99056604,,"David Peralta",2136,444482
"David Peralta","- - -","RF",66,48,427.2,82,2,1,1,0,0,1,0,0,,,,,,0.98823529,,"David Peralta",2136,444482
"Carlos Santana","- - -","1B",381,367,3243,2674,247,14,11,3,188,22,2,194,39,,,,,0.99522998,,"Carlos Santana",2396,467793
"Lance Lynn","- - -","P",55,55,301,8,11,3,1,2,0,0,0,0,,23,,,,0.86363636,,"Lance Lynn",2520,458681
"Tommy Pham","- - -","LF",211,188,1648.2,343,9,4,3,1,0,0,0,0,,,,,,0.98876404,,"Tommy Pham",2967,502054
"Tommy Pham","- - -","RF",71,53,490.2,108,5,3,2,1,0,1,0,0,,,,,,0.97413793,,"Tommy Pham",2967,502054
"Anthony Rizzo","NYY","1B",184,183,1611.1,1258,176,7,7,0,109,12,0,108,21,,,,,0.99514226,,"Anthony Rizzo",3473,519203
"Joey Votto","CIN","1B",47,44,374,296,18,1,0,1,32,0,1,33,2,,,,,0.9968254,,"Joey Votto",4314,458015
"Charlie Morton","- - -","P",90,84,464,24,50,7,1,6,3,1,0,2,,38,,,,0.91358025,,"Charlie Morton",4676,450203
"Mike Moustakas","- - -","1B",50,37,341.2,299,22,0,0,0,21,2,1,21,4,,,,,1,,"Mike Moustakas",4892,519058
"Mike Moustakas","- - -","3B",52,42,359,30,79,4,3,1,11,11,0,0,,,,,,0.96460177,,"Mike Moustakas",4892,519058
"Jason Heyward","- - -","RF",171,136,1157,291,2,6,3,3,0,0,0,0,,,,,,0.97993311,,"Jason Heyward",4940,518792
"Giancarlo Stanton","NYY","RF",46,44,336.1,68,1,0,0,0,0,1,0,0,,,,,,1,,"Giancarlo Stanton",4949,519317
"Josh Donaldson","- - -","3B",38,38,322.1,26,73,2,2,0,8,8,0,1,,,,,,0.98019802,,"Josh Donaldson",5038,518626
"Justin Turner","- - -","1B",122,102,832,666,74,6,6,0,51,3,0,54,11,,,,,0.9919571,,"Justin Turner",5235,457759
"Robbie Grossman","- - -","LF",67,51,424,68,1,3,1,2,0,0,0,0,,,,,,0.95833333,,"Robbie Grossman",5254,543257
"Robbie Grossman","- - -","RF",47,39,331,76,1,1,1,0,0,0,0,0,,,,,,0.98717949,,"Robbie Grossman",5254,543257
"Aaron Hicks","- - -","CF",46,38,332,74,1,1,0,1,0,0,0,0,,,,,,0.98684211,,"Aaron Hicks",5297,543305
"Brandon Crawford","- - -","SS",110,101,858.1,118,264,13,9,4,58,31,27,2,,,,,,0.96708861,,"Brandon Crawford",5343,543063
"Freddie Freeman","LAD","1B",439,438,3758.2,3070,329,8,6,1,277,24,1,284,56,,,,,0.99765189,,"Freddie Freeman",5361,518692
"Jose Altuve","HOU","2B",286,280,2398,329,575,15,9,6,145,60,88,6,,,,,,0.98367791,,"Jose Altuve",5417,514888
"Jose Altuve","HOU","LF",47,44,371,58,2,1,1,0,0,0,0,0,,,,,,0.98360656,,"Jose Altuve",5417,514888
"Kyle Higashioka","- - -","C",237,210,1858.1,1870,47,21,11,10,0,4,0,0,,162,35,17,69,0.98916409,,"Kyle Higashioka",5517,543309
"Wilmer Flores","SFG","1B",142,106,976.1,938,71,5,4,0,90,5,0,91,8,,,,,0.99506903,,"Wilmer Flores",5827,527038
"Jean Segura","MIA","3B",84,83,720.1,45,163,10,5,5,14,16,0,0,,,,,,0.95412844,,"Jean Segura",5933,516416
"Eduardo Escobar","- - -","3B",65,54,480.1,33,103,7,3,4,6,7,0,1,,,,,,0.95104895,,"Eduardo Escobar",6153,500871
"Martín Maldonado","- - -","C",228,218,1840.1,1827,74,11,4,7,1,3,1,1,,171,24,23,65,0.99424686,,"Martin Maldonado",6887,455117
"Martín Pérez","- - -","P",70,54,322.1,14,30,2,2,0,3,5,0,0,,8,,,,0.95652174,,"Martin Perez",6902,527048
"Salvador Perez","KCR","1B",100,91,809,689,53,2,2,0,51,5,0,51,7,,,,,0.99731183,,"Salvador Perez",7304,521692
"Salvador Perez","KCR","C",267,262,2207,1994,80,6,0,6,1,5,1,5,,108,34,6,105,0.99711538,,"Salvador Perez",7304,521692
"Travis d'Arnaud","- - -","C",209,190,1702.2,1724,55,10,2,8,2,6,3,1,,157,32,4,59,0.99441029,,"Travis d'Arnaud",7739,518595
"Miguel Rojas","LAD","2B",70,50,456.1,65,122,2,2,0,26,10,16,1,,,,,,0.98941799,,"Miguel Rojas",7802,500743
"Miguel Rojas","LAD","SS",224,185,1664.2,271,473,9,4,5,81,37,46,3,,,,,,0.98804781,,"Miguel Rojas",7802,500743
"Charlie Blackmon","COL","RF",56,51,422.2,94,3,1,1,0,0,0,0,0,,,,,,0.98979592,,"Charlie Blackmon",7859,453568
"Donovan Solano","- - -","1B",177,120,1103,927,62,4,4,0,76,9,0,83,23,,,,,0.9959718,,"Donovan Solano",8623,456781
"Donovan Solano","- - -","3B",53,41,372.2,22,70,2,0,2,6,8,0,0,,,,,,0.9787234,,"Donovan Solano",8623,456781
"Justin Verlander","- - -","P",69,69,380.1,35,18,0,0,0,1,0,0,1,,30,,,,1,,"Justin Verlander",8700,434378
"Elvis Andrus","CHW","2B",63,60,499.2,92,139,6,5,1,27,11,17,1,,,,,,0.97468354,,"Elvis Andrus",8709,462101
"Elvis Andrus","CHW","SS",52,43,404,63,86,6,4,2,17,9,8,2,,,,,,0.96129032,,"Elvis Andrus",8709,462101
"Nathan Eovaldi","TEX","P",76,76,444.2,74,30,2,1,1,2,1,0,1,,25,,,,0.98113208,,"Nathan Eovaldi",9132,543135
"Paul Goldschmidt","- - -","1B",405,384,3394.1,3024,294,11,8,2,309,23,1,315,48,,,,,0.9966957,,"Paul Goldschmidt",9218,502671
"Starling Marte","NYM","RF",172,163,1389,291,13,3,3,0,0,3,0,0,,,,,,0.99022801,,"Starling Marte",9241,516782
"Patrick Corbin","- - -","P",91,91,497,24,70,3,1,2,4,3,0,1,,71,,,,0.96907216,,"Patrick Corbin",9323,571578
"Evan Longoria","ARI","3B",41,36,300,25,60,2,1,1,3,3,0,1,,,,,,0.97701149,,"Evan Longoria",9368,446334
"Yan Gomes","CHC","C",137,119,1065.2,1034,60,6,0,6,0,6,0,2,,81,28,4,44,0.99454545,,"Yan Gomes",9627,543228
"Christian Vázquez","MIN","C",240,228,1995.1,2167,77,14,3,11,5,9,4,1,,155,46,5,55,0.99379982,,"Christian Vazquez",9774,543877
"Nolan Arenado","STL","3B",366,365,3157.2,231,727,21,12,7,72,72,3,5,,,,,,0.97854954,,"Nolan Arenado",9777,571448
"Miles Mikolas","STL","P",95,95,514.1,47,43,3,1,2,4,3,0,1,,32,,,,0.96774194,,"Miles Mikolas",9803,571945
"DJ LeMahieu","NYY","1B",94,71,673.1,566,47,4,3,1,47,6,2,48,11,,,,,0.99351702,,"DJ LeMahieu",9874,518934
"DJ LeMahieu","NYY","2B",54,44,396,67,101,0,0,0,20,4,16,1,,,,,,1,,"DJ LeMahieu",9874,518934
"DJ LeMahieu","NYY","3B",105,101,888.1,62,203,2,1,1,14,15,0,2,,,,,,0.99250936,,"DJ LeMahieu",9874,518934
"Christian Bethancourt","- - -","C",162,131,1182,1185,53,9,0,9,0,4,0,1,,72,25,4,50,0.99278268,,"Christian Bethancourt",10028,542194
"Kyle Gibson","- - -","P",67,67,374,31,31,1,0,1,3,1,0,2,,15,,,,0.98412698,,"Kyle Gibson",10123,502043
"Mike Trout","LAA","CF",103,103,884,248,4,0,0,0,0,2,0,0,,,,,,1,,"Mike Trout",10155,545361
"Tucker Barnhart","- - -","C",80,69,599,552,15,4,3,1,1,1,1,1,,46,11,1,23,0.99299475,,"Tucker Barnhart",10200,571466
"Jose Iglesias","- - -","2B",100,90,781.2,146,197,3,0,3,51,15,37,2,,,,,,0.99132948,,"Jose Iglesias",10231,578428
"Randal Grichuk","- - -","LF",91,81,715,154,7,2,2,0,0,2,0,0,,,,,,0.98773006,,"Randal Grichuk",10243,545341
"Randal Grichuk","- - -","RF",107,82,711,163,1,2,1,1,0,0,0,0,,,,,,0.98795181,,"Randal Grichuk",10243,545341
"Zack Wheeler","PHI","P",88,88,541.2,45,43,2,0,2,3,3,0,0,,15,,,,0.97777778,,"Zack Wheeler",10310,554430
"Jon Singleton","- - -","1B",114,105,925.2,695,78,9,6,3,72,3,0,73,12,,,,,0.98849105,,"Jon Singleton",10441,572138
"Enrique Hernández","- - -","2B",64,34,322.2,53,96,5,2,3,18,8,11,0,,,,,,0.96753247,,"Enrique Hernandez",10472,571771
"Enrique Hernández","LAD","3B",100,84,746.2,49,157,11,6,5,19,20,0,2,,,,,,0.94930876,,"Enrique Hernandez",10472,571771
"Enrique Hernández","- - -","SS",83,68,610.2,90,166,15,3,12,33,18,16,1,,,,,,0.94464945,,"Enrique Hernandez",10472,571771
"Chris Sale","- - -","P",67,67,387.1,20,36,2,0,2,1,2,1,0,,41,,,,0.96551724,,"Chris Sale",10603,519242
"Gio Urshela","- - -","1B",42,36,300.2,257,19,1,1,0,27,2,0,25,8,,,,,0.99638989,,"Gio Urshela",10681,570482
"Gio Urshela","- - -","3B",203,177,1593.2,102,325,15,10,5,34,34,0,2,,,,,,0.96606335,,"Gio Urshela",10681,570482
"Jurickson Profar","- - -","LF",306,301,2538.1,528,7,6,5,1,0,1,0,0,,,,,,0.98890943,,"Jurickson Profar",10815,595777
"Adam Duvall","BOS","CF",61,56,478,108,2,0,0,0,0,1,0,0,,,,,,1,,"Adam Duvall",10950,594807
"Adam Duvall","- - -","LF",56,33,329.2,72,1,0,0,0,0,0,0,0,,,,,,1,,"Adam Duvall",10950,594807
"Adam Duvall","- - -","RF",72,64,569.2,123,5,2,2,0,0,2,0,0,,,,,,0.98461538,,"Adam Duvall",10950,594807
"Kevin Kiermaier","- - -","CF",239,193,1702.2,486,7,6,4,2,0,3,0,0,,,,,,0.98797595,,"Kevin Kiermaier",11038,595281
"Merrill Kelly","- - -","P",73,73,428,34,38,7,2,5,2,1,0,1,,29,,,,0.91139241,,"Merrill Kelly",11156,518876
"Whit Merrifield","- - -","2B",138,119,1046,175,257,8,3,5,52,11,43,0,,,,,,0.98181818,,"Whit Merrifield",11281,593160
"Whit Merrifield","- - -","LF",106,86,780,156,3,1,0,1,0,0,0,0,,,,,,0.99375,,"Whit Merrifield",11281,593160
"Yasmani Grandal","- - -","C",163,141,1241.1,1298,39,11,5,6,0,3,0,0,,164,23,9,39,0.99183976,,"Yasmani Grandal",11368,518735
"Jose Quintana","- - -","P",67,67,373.2,23,41,1,0,1,4,4,0,0,,21,,,,0.98461538,,"Jose Quintana",11423,500779
"Gary Sánchez","- - -","C",116,104,936.2,955,52,12,9,3,1,3,1,0,,78,17,9,45,0.98822375,,"Gary Sanchez",11442,596142
"Mark Canha","- - -","1B",71,58,517,447,34,4,3,1,43,2,0,45,5,,,,,0.99175258,,"Mark Canha",11445,592192
"Mark Canha","- - -","LF",118,94,837.2,165,4,2,2,0,0,1,0,0,,,,,,0.98830409,,"Mark Canha",11445,592192
"Mark Canha","- - -","RF",54,39,321.1,65,0,0,0,0,0,0,0,0,,,,,,1,,"Mark Canha",11445,592192
"Christian Yelich","MIL","LF",189,186,1606.2,338,4,4,4,0,0,1,0,0,,,,,,0.98843931,,"Christian Yelich",11477,592885
"Michael A. Taylor","- - -","CF",265,215,1938,603,4,6,4,2,0,0,0,0,,,,,,0.99021207,,"Michael A. Taylor",11489,572191
"Manny Machado","SDP","3B",337,337,2936.1,263,541,29,11,18,62,66,5,6,,,,,,0.96518607,,"Manny Machado",11493,592518
"Bryce Harper","PHI","1B",293,293,2544,2143,178,8,6,1,171,12,1,181,28,,,,,0.99656505,,"Bryce Harper",11579,547180
"Willson Contreras","STL","1B",117,116,987.1,939,81,9,4,4,70,5,1,75,11,,,,,0.99125364,,"Willson Contreras",11609,575929
"Willson Contreras","STL","C",148,139,1195.2,1038,52,11,4,7,2,4,1,1,,79,25,9,45,0.99000908,,"Willson Contreras",11609,575929
"Brandon Drury","LAA","1B",61,43,389.2,290,30,0,0,0,27,3,0,29,4,,,,,1,,"Brandon Drury",11615,592273
"Brandon Drury","LAA","2B",148,131,1135.2,214,322,7,4,3,76,32,47,2,,,,,,0.98710866,,"Brandon Drury",11615,592273
"Jameson Taillon","CHC","P",78,77,430.1,26,30,1,1,0,1,1,0,0,,34,,,,0.98245614,,"Jameson Taillon",11674,592791
"Elias Díaz","- - -","C",303,249,2219,1909,98,22,3,16,2,6,3,3,,156,52,9,84,0.98915722,,"Elias Diaz",11680,553869
"Nick Castellanos","PHI","RF",435,435,3780.1,740,17,3,2,1,0,6,0,0,,,,,,0.99605263,,"Nick Castellanos",11737,592206
"J.T. Realmuto","PHI","C",352,349,3058.2,3202,102,13,0,11,3,16,2,8,,212,66,12,81,0.9960808,,"J.T. Realmuto",11739,592663
"Taijuan Walker","PHI","P",80,65,368,27,52,2,0,2,2,3,0,0,,31,,,,0.97530864,,"Taijuan Walker",11836,592836
"Jon Berti","- - -","3B",87,66,619,45,136,8,4,4,14,14,0,0,,,,,,0.95767196,,"Jon Berti",12037,542932
"Jon Berti","MIA","SS",64,52,443,60,138,7,4,3,32,22,11,1,,,,,,0.96585366,,"Jon Berti",12037,542932
"Kyle Hendricks","- - -","P",81,76,417,21,48,4,1,3,2,2,0,0,,56,,,,0.94520548,,"Kyle Hendricks",12049,543294
"Max Kepler","PHI","LF",97,86,756.1,149,2,0,0,0,0,0,0,0,,,,,,1,,"Max Kepler",12144,596146
"Max Kepler","- - -","RF",255,214,1946.2,430,7,2,2,0,0,1,0,0,,,,,,0.99544419,,"Max Kepler",12144,596146
"Nick Ahmed","- - -","SS",138,124,1070.2,157,315,11,5,6,65,34,33,3,,,,,,0.97722567,,"Nick Ahmed",12147,605113
"Eddie Rosario","- - -","LF",178,160,1387.1,281,6,5,0,5,0,2,0,0,,,,,,0.98287671,,"Eddie Rosario",12155,592696
"Austin Barnes","LAD","C",110,106,921.2,948,17,8,5,3,0,1,0,3,,126,15,4,24,0.99177801,,"Austin Barnes",12158,605131
"Xander Bogaerts","SDP","2B",85,85,735.2,127,187,6,4,2,39,13,27,2,,,,,,0.98125,,"Xander Bogaerts",12161,593428
"Xander Bogaerts","SDP","SS",286,282,2486,325,653,18,10,8,118,69,47,7,,,,,,0.98192771,,"Xander Bogaerts",12161,593428
"Chris Bassitt","TOR","P",94,93,532,33,46,4,0,4,3,3,0,1,,41,,,,0.95180723,,"Chris Bassitt",12304,605135
"Colin Rea","- - -","P",87,73,433.2,51,40,6,2,4,1,1,0,1,,40,,,,0.93814433,,"Colin Rea",12317,607067
"Jace Peterson","- - -","3B",113,88,796,67,148,4,2,2,7,8,0,2,,,,,,0.98173516,,"Jace Peterson",12325,607054
"Kevin Pillar","- - -","CF",65,48,430,119,2,0,0,0,0,0,0,0,,,,,,1,,"Kevin Pillar",12434,607680
"Kevin Pillar","- - -","LF",86,51,480.2,111,1,2,2,0,0,0,0,0,,,,,,0.98245614,,"Kevin Pillar",12434,607680
"Seth Lugo","- - -","P",85,85,498.1,31,53,0,0,0,4,3,0,1,,15,,,,1,,"Seth Lugo",12447,607625
"Curt Casali","- - -","C",79,65,557,580,30,9,4,5,0,0,0,0,,59,15,2,23,0.98546042,,"Curt Casali",12510,592200
"Kolten Wong","- - -","2B",76,60,558.1,93,154,4,3,1,22,14,9,1,,,,,,0.98406375,,"Kolten Wong",12532,543939
"Marcus Semien","TEX","2B",448,448,3897.1,667,1085,15,10,5,236,92,150,11,,,,,,0.99151104,,"Marcus Semien",12533,543760
"C.J. Cron","- - -","1B",61,59,502,459,28,5,2,3,52,2,0,53,6,,,,,0.9898374,,"C.J. Cron",12546,543068
"Eugenio Suárez","- - -","3B",452,448,3964.2,285,779,32,19,12,73,74,3,1,,,,,,0.97080292,,"Eugenio Suarez",12552,553993
"Trevor Story","BOS","SS",204,202,1791,276,531,16,7,9,105,53,52,9,,,,,,0.98055893,,"Trevor Story",12564,596115
"Nick Martinez","- - -","P",140,51,409.1,29,39,6,2,4,2,1,0,1,,34,,,,0.91891892,,"Nick Martinez",12730,607259
"Sonny Gray","- - -","P",89,89,514,34,53,1,0,1,3,3,0,0,,43,,,,0.98863636,,"Sonny Gray",12768,543243
"George Springer","TOR","RF",295,278,2435,522,10,3,2,1,0,1,0,0,,,,,,0.99439252,,"George Springer",12856,543807
"James McCann","- - -","C",156,144,1283.2,1189,63,12,5,7,0,4,0,1,,84,32,2,57,0.99050633,,"James McCann",12859,543510
"Anthony Rendon","LAA","3B",93,92,782.2,74,150,13,7,6,13,13,0,2,,,,,,0.94514768,,"Anthony Rendon",12861,543685
"Tyler Anderson","LAA","P",84,82,456.2,28,28,1,0,1,1,1,0,1,,31,,,,0.98245614,,"Tyler Anderson",12880,542881
"Francisco Lindor","NYM","SS",451,449,3908,576,1074,35,25,10,219,124,96,16,,,,,,0.97922849,,"Francisco Lindor",12916,596019
"Brandon Nimmo","NYM","CF",167,157,1316.2,370,3,4,3,1,0,1,0,0,,,,,,0.98938992,,"Brandon Nimmo",12927,607043
"Brandon Nimmo","NYM","LF",286,261,2331.2,453,7,3,2,1,0,2,0,0,,,,,,0.99352052,,"Brandon Nimmo",12927,607043
"Austin Hedges","- - -","C",205,160,1388.1,1412,43,11,5,6,4,5,3,3,,110,29,1,40,0.99249659,,"Austin Hedges",12976,595978
"Javier Báez","DET","CF",52,43,401,101,2,0,0,0,0,1,0,0,,,,,,1,,"Javier Baez",12979,595879
"Javier Báez","DET","SS",262,246,2139,323,611,35,18,17,119,68,53,9,,,,,,0.96388029,,"Javier Baez",12979,595879
"Cam Gallagher","CLE","C",56,53,420.1,418,19,3,2,1,0,1,0,0,,45,12,2,13,0.99318182,,"Cam Gallagher",12981,595956
"Teoscar Hernández","LAD","LF",120,104,871.2,156,3,3,3,0,0,3,0,0,,,,,,0.98148148,,"Teoscar Hernandez",13066,606192
"Teoscar Hernández","- - -","RF",314,299,2582.2,582,22,5,4,1,0,9,0,0,,,,,,0.99178982,,"Teoscar Hernandez",13066,606192
"Gerrit Cole","NYY","P",50,50,304,14,25,2,1,1,0,0,0,0,,22,,,,0.95121951,,"Gerrit Cole",13125,543037
"Josh Bell","- - -","1B",181,178,1476,1243,100,11,7,4,102,3,0,103,16,,,,,0.99187592,,"Josh Bell",13145,605137
"Jorge Polanco","- - -","2B",196,186,1592,243,418,12,7,5,78,25,54,3,,,,,,0.98216939,,"Jorge Polanco",13152,593871
"Eduardo Rodriguez","- - -","P",62,62,340,7,28,2,1,1,2,2,0,0,,20,,,,0.94594595,,"Eduardo Rodriguez",13164,593958
"Orlando Arcia","- - -","SS",324,310,2761.1,383,762,26,17,9,167,83,84,8,,,,,,0.97779675,,"Orlando Arcia",13185,606115
"Mike Zunino","CLE","C",42,41,339.2,276,17,3,1,2,1,2,1,0,,40,8,5,19,0.98986486,,"Mike Zunino",13265,572287
"Max Muncy","LAD","3B",285,269,2391,164,457,33,19,14,47,49,1,2,,,,,,0.94954128,,"Max Muncy",13301,571970
"Ildemaro Vargas","- - -","2B",60,50,437,97,123,0,0,0,33,13,24,2,,,,,,1,,"Ildemaro Vargas",13324,545121
"Ildemaro Vargas","- - -","3B",96,70,652.2,32,144,9,5,4,12,12,0,0,,,,,,0.95135135,,"Ildemaro Vargas",13324,545121
"Omar Narváez","- - -","C",79,64,564.2,566,19,11,5,6,3,1,3,3,,85,8,2,23,0.98154362,,"Omar Narvaez",13338,553882
"Luke Maile","- - -","C",138,114,1003.1,1055,46,6,3,3,0,0,0,1,,96,33,9,27,0.99457995,,"Luke Maile",13355,571912
"Christian Walker","- - -","1B",418,412,3607.2,3045,207,10,6,4,268,27,1,278,46,,,,,0.9969344,,"Christian Walker",13419,572233
"Marcus Stroman","- - -","P",66,63,330.1,30,41,1,0,1,4,4,0,0,,45,,,,0.98611111,,"Marcus Stroman",13431,573186
"Tom Murphy","- - -","C",53,51,436,417,4,3,0,3,0,0,0,0,,38,2,5,15,0.99292453,,"Tom Murphy",13499,608596
"José Ramírez","CLE","3B",371,369,3233.2,256,642,33,21,11,48,53,0,10,,,,,,0.96455424,,"Jose Ramirez",13510,608070
"Blake Snell","- - -","P",61,61,332.1,10,25,2,0,2,0,0,0,0,,41,,,,0.94594595,,"Blake Snell",13543,605483
"Jesse Winker","- - -","LF",81,71,575,110,8,2,1,1,0,2,0,0,,,,,,0.98333333,,"Jesse Winker",13590,608385
"Patrick Wisdom","CHC","3B",78,65,553.1,62,105,15,11,4,14,14,0,2,,,,,,0.91758242,,"Patrick Wisdom",13602,621550
"Mookie Betts","LAD","2B",88,74,590,100,156,2,2,0,35,12,24,1,,,,,,0.99224806,,"Mookie Betts",13611,605141
"Mookie Betts","LAD","RF",151,119,1040.2,219,9,3,2,1,0,1,0,0,,,,,,0.98701299,,"Mookie Betts",13611,605141
"Mookie Betts","LAD","SS",214,206,1776.1,240,476,18,4,14,82,41,42,0,,,,,,0.97547684,,"Mookie Betts",13611,605141
"Ketel Marte","ARI","2B",351,336,2916,599,863,17,12,5,188,72,120,12,,,,,,0.98850575,,"Ketel Marte",13613,606466
"Carson Kelly","- - -","C",224,206,1820.2,1689,75,5,2,3,4,12,2,3,,127,53,9,48,0.99717354,,"Carson Kelly",13620,608348
"Jeimer Candelario","- - -","1B",61,49,445.1,349,28,3,3,0,31,1,0,34,5,,,,,0.99210526,,"Jeimer Candelario",13621,600869
"Jeimer Candelario","- - -","3B",181,180,1551,111,300,18,7,11,26,26,0,2,,,,,,0.95804196,,"Jeimer Candelario",13621,600869
"Corey Seager","TEX","SS",322,322,2739,395,764,19,9,10,159,87,69,19,,,,,,0.98387097,,"Corey Seager",13624,608369
"Tyrone Taylor","- - -","CF",154,118,1064,320,7,2,2,0,0,2,0,0,,,,,,0.99392097,,"Tyrone Taylor",13675,621438
"Tyrone Taylor","- - -","RF",133,78,765,177,5,2,1,1,0,2,0,0,,,,,,0.98913043,,"Tyrone Taylor",13675,621438
"Jacob Stallings","- - -","C",198,182,1588,1479,57,18,5,12,1,0,3,2,,163,37,7,51,0.98841699,,"Jacob Stallings",13723,607732
"Max Fried","- - -","P",72,72,428,26,58,5,0,5,0,1,0,0,,23,,,,0.94382022,,"Max Fried",13743,608331
"Tomás Nido","- - -","C",79,68,597.2,595,18,9,2,7,1,0,1,1,,49,12,3,16,0.98553055,,"Tomas Nido",13755,621512
"Chris Taylor","- - -","3B",54,33,317.1,21,48,1,0,1,0,0,0,1,,,,,,0.98571429,,"Chris Taylor",13757,621035
"Chris Taylor","- - -","LF",124,66,679.1,156,5,2,2,0,0,1,0,0,,,,,,0.98773006,,"Chris Taylor",13757,621035
"Travis Jankowski","- - -","LF",110,59,598.2,119,0,0,0,0,0,0,0,0,,,,,,1,,"Travis Jankowski",13768,608671
"Travis Jankowski","- - -","RF",62,30,300.1,71,1,3,2,1,0,0,0,0,,,,,,0.96,,"Travis Jankowski",13768,608671
"Rob Refsnyder","BOS","LF",115,77,716,137,4,3,3,0,0,0,0,0,,,,,,0.97916667,,"Rob Refsnyder",13770,608701
"Rob Refsnyder","BOS","RF",68,40,369.1,88,5,2,2,0,0,0,0,0,,,,,,0.97894737,,"Rob Refsnyder",13770,608701
"Zach Eflin","- - -","P",73,73,414.1,27,44,2,0,2,4,3,0,1,,14,,,,0.97260274,,"Zach Eflin",13774,621107
"Joey Wendle","- - -","SS",110,82,770.1,109,225,10,6,4,44,23,21,2,,,,,,0.97093023,,"Joey Wendle",13853,621563
"Chris Flexen","- - -","P",83,47,306,16,34,1,0,1,4,3,0,1,,12,,,,0.98039216,,"Chris Flexen",13896,623167
"Tyler Heineman","- - -","C",80,60,533.2,551,32,8,2,6,1,2,1,0,,47,18,0,16,0.98646362,,"Tyler Heineman",13897,623168
"Michael Wacha","- - -","P",81,81,460,22,36,0,0,0,5,3,0,2,,10,,,,1,,"Michael Wacha",14078,608379
"Kevin Gausman","TOR","P",90,90,534.2,33,36,1,0,1,2,2,0,0,,55,,,,0.98571429,,"Kevin Gausman",14107,592332
"Eric Haase","- - -","C",111,89,822.1,786,20,6,2,4,0,1,0,0,,49,14,1,30,0.99261084,,"Eric Haase",14111,606992
"Joey Gallo","- - -","1B",110,90,799.2,691,43,0,0,0,67,10,0,66,19,,,,,1,,"Joey Gallo",14128,608336
"Joey Gallo","- - -","LF",53,34,318.1,66,2,2,1,1,0,1,0,0,,,,,,0.97142857,,"Joey Gallo",14128,608336
"Byron Buxton","MIN","CF",200,193,1632,455,4,2,2,0,0,0,0,0,,,,,,0.99566161,,"Byron Buxton",14161,621439
"Carlos Correa","HOU","3B",35,35,311,21,63,3,2,1,6,7,0,2,,,,,,0.96551724,,"Carlos Correa",14162,621043
"Carlos Correa","- - -","SS",313,310,2621.1,404,626,20,12,8,104,46,58,8,,,,,,0.98095238,,"Carlos Correa",14162,621043
"José Berríos","TOR","P",93,93,542,38,55,4,0,4,4,4,0,0,,36,,,,0.95876289,,"Jose Berrios",14168,621244
"Jorge Soler","- - -","RF",115,113,861.1,155,3,1,1,0,0,0,0,0,,,,,,0.99371069,,"Jorge Soler",14221,624585
"Mitch Haniger","SFG","LF",46,43,370.1,73,1,2,2,0,0,0,0,0,,,,,,0.97368421,,"Mitch Haniger",14274,571745
"Mitch Haniger","- - -","RF",104,90,786.2,178,4,5,5,0,0,0,0,0,,,,,,0.97326203,,"Mitch Haniger",14274,571745
"Matt Olson","ATL","1B",470,470,4157.1,3497,334,19,15,4,308,49,1,314,57,,,,,0.99506494,,"Matt Olson",14344,621566
"Joey Meneses","WSN","1B",69,68,587.2,476,38,0,0,0,45,3,0,49,6,,,,,1,,"Joey Meneses",14366,608841
"Tyler Glasnow","- - -","P",58,58,329.2,32,20,0,0,0,1,1,0,0,,40,,,,1,,"Tyler Glasnow",14374,607192
"Jake Cave","- - -","LF",67,53,459.2,92,3,1,1,0,0,2,0,0,,,,,,0.98958333,,"Jake Cave",14477,595909
"Jake Cave","- - -","RF",103,62,606,143,4,1,1,0,0,0,0,0,,,,,,0.99324324,,"Jake Cave",14477,595909
"Anthony Santander","- - -","RF",242,239,2028.2,492,12,3,2,1,0,3,0,0,,,,,,0.99408284,,"Anthony Santander",14551,623993
"Harold Castro","COL","2B",68,56,471.1,105,143,3,1,2,47,16,32,1,,,,,,0.98804781,,"Harold Castro",14691,605612
"Manuel Margot","- - -","CF",76,63,571.2,145,1,3,3,0,0,0,0,0,,,,,,0.97986577,,"Manuel Margot",14712,622534
"Manuel Margot","- - -","RF",93,70,604.2,131,0,2,1,1,0,0,0,0,,,,,,0.98496241,,"Manuel Margot",14712,622534
"Kyle Farmer","- - -","2B",149,90,825,103,230,2,2,0,56,21,37,1,,,,,,0.99402985,,"Kyle Farmer",14813,571657
"Kyle Farmer","- - -","3B",80,50,481,40,77,4,3,1,7,8,0,1,,,,,,0.96694215,,"Kyle Farmer",14813,571657
"Kyle Farmer","- - -","SS",65,40,409.1,48,92,2,1,1,14,6,8,2,,,,,,0.98591549,,"Kyle Farmer",14813,571657
"Michael Lorenzen","- - -","P",78,72,407.2,35,32,4,1,3,2,6,0,0,,16,,,,0.94366197,,"Michael Lorenzen",14843,547179
"Mike Yastrzemski","- - -","CF",63,51,419.2,103,2,0,0,0,0,1,0,0,,,,,,1,,"Mike Yastrzemski",14854,573262
"Mike Yastrzemski","- - -","RF",306,260,2288.2,463,20,5,3,2,0,1,0,0,,,,,,0.9897541,,"Mike Yastrzemski",14854,573262
"Tony Kemp","- - -","2B",62,48,429,106,101,4,2,2,20,4,16,1,,,,,,0.98104265,,"Tony Kemp",14894,643393
"Tony Kemp","- - -","LF",66,53,457.1,101,5,3,1,2,0,1,0,0,,,,,,0.97247706,,"Tony Kemp",14894,643393
"Victor Caratini","- - -","C",162,154,1371.1,1375,54,9,4,5,0,5,0,0,,148,26,1,47,0.99374131,,"Victor Caratini",14968,605170
"Ryan McMahon","- - -","3B",422,407,3563.2,294,867,37,17,20,74,78,0,6,,,,,,0.96911519,,"Ryan McMahon",15112,641857
"Trey Mancini","CHC","1B",51,40,348.2,305,24,2,2,0,32,2,1,31,3,,,,,0.9939577,,"Trey Mancini",15149,641820
"Mitch Garver","- - -","C",92,88,761.2,731,26,5,2,3,0,3,0,0,,75,15,2,24,0.99343832,,"Mitch Garver",15161,641598
"Tim Anderson","- - -","SS",197,190,1641,243,437,25,13,12,97,46,49,6,,,,,,0.96453901,,"Tim Anderson",15172,641313
"Jake Bauers","- - -","1B",130,98,894,694,52,6,4,2,71,2,1,69,18,,,,,0.99202128,,"Jake Bauers",15194,641343
"Jake Bauers","- - -","LF",48,43,319,62,1,2,1,1,0,0,0,0,,,,,,0.96923077,,"Jake Bauers",15194,641343
"Adam Frazier","- - -","2B",248,198,1793.1,286,487,8,5,3,96,37,60,7,,,,,,0.98975672,,"Adam Frazier",15223,624428
"Austin Wynns","- - -","C",92,76,676.2,566,38,3,1,2,1,2,0,3,,51,27,6,17,0.99505766,,"Austin Wynns",15271,642851
"Mike Tauchman","CHC","CF",96,70,647,159,3,3,3,0,0,1,0,0,,,,,,0.98181818,,"Mike Tauchman",15274,643565
"Mike Tauchman","- - -","RF",127,106,955.2,223,6,2,1,1,0,1,0,0,,,,,,0.99134199,,"Mike Tauchman",15274,643565
"Garrett Cooper","- - -","1B",97,86,752,671,37,4,3,1,57,4,0,63,13,,,,,0.99438202,,"Garrett Cooper",15279,643265
"Jeff McNeil","NYM","2B",283,245,2167,431,580,13,8,5,135,54,89,7,,,,,,0.98730469,,"Jeff McNeil",15362,643446
"Jeff McNeil","NYM","LF",57,41,346.1,70,3,1,1,0,0,0,0,0,,,,,,0.98648649,,"Jeff McNeil",15362,643446
"Jeff McNeil","NYM","RF",65,43,405.1,94,4,3,2,1,0,2,0,0,,,,,,0.97029703,,"Jeff McNeil",15362,643446
"Andrew Heaney","- - -","P",92,82,427.2,12,29,1,0,1,2,2,0,0,,26,,,,0.97619048,,"Andrew Heaney",15423,571760
"Kris Bryant","COL","RF",58,58,486,106,2,3,2,1,0,0,0,0,,,,,,0.97297297,,"Kris Bryant",15429,592178
"Nick Pivetta","- - -","P",94,71,459.2,26,25,2,0,2,0,0,0,0,,32,,,,0.96226415,,"Nick Pivetta",15454,601713
"Hunter Renfroe","- - -","RF",277,248,2228,478,18,8,6,2,0,5,0,0,,,,,,0.98412698,,"Hunter Renfroe",15464,592669
"Lucas Giolito","- - -","P",56,56,314.2,8,9,3,1,2,2,0,0,2,,23,,,,0.85,,"Lucas Giolito",15474,608337
"J.P. Crawford","SEA","SS",390,387,3411.1,455,887,27,14,13,162,85,74,9,,,,,,0.98027757,,"J.P. Crawford",15491,641487
"Amed Rosario","- - -","2B",79,52,490.1,91,113,3,2,1,34,10,24,0,,,,,,0.98550725,,"Amed Rosario",15518,642708
"Amed Rosario","- - -","3B",44,33,307.2,19,50,5,5,0,5,5,0,1,,,,,,0.93243243,,"Amed Rosario",15518,642708
"Amed Rosario","- - -","SS",119,106,955.2,107,244,12,5,7,38,26,14,0,,,,,,0.96694215,,"Amed Rosario",15518,642708
"Aaron Judge","NYY","CF",123,121,1037,292,4,0,0,0,0,2,0,0,,,,,,1,,"Aaron Judge",15640,592450
"Aaron Judge","NYY","RF",145,140,1223.2,276,3,2,1,1,0,0,0,0,,,,,,0.99288256,,"Aaron Judge",15640,592450
"Dominic Smith","- - -","1B",285,258,2267.1,1904,257,15,9,6,208,24,0,216,35,,,,,0.99310662,,"Dominic Smith",15653,642086
"Reese McGuire","- - -","C",147,125,1091,1097,35,8,4,4,1,3,0,3,,75,22,4,34,0.99298246,,"Reese McGuire",15674,624512
"José Abreu","HOU","1B",169,165,1459.1,1271,86,8,7,0,122,13,2,123,14,,,,,0.99413919,,"Jose Abreu",15676,547989
"Rowdy Tellez","- - -","1B",287,239,2068.1,1698,157,7,3,3,170,12,1,167,16,,,,,0.9962406,,"Rowdy Tellez",15679,642133
"Luis Castillo","SEA","P",92,92,533.2,31,17,1,0,1,1,1,0,0,,31,,,,0.97959184,,"Luis Castillo",15689,622491
"Tyler O'Neill","- - -","LF",129,105,948.2,180,7,5,3,2,0,0,0,0,,,,,,0.97395833,,"Tyler O'Neill",15711,641933
"Tyler O'Neill","- - -","RF",81,64,553.2,124,7,5,4,1,0,2,0,0,,,,,,0.96323529,,"Tyler O'Neill",15711,641933
"Zack Littell","- - -","P",86,72,417.2,35,28,3,1,2,5,2,0,3,,22,,,,0.95454545,,"Zack Littell",15823,641793
"Sean Manaea","- - -","P",80,52,349.1,9,29,4,2,2,1,1,0,0,,33,,,,0.9047619,,"Sean Manaea",15873,640455
"Miguel Andujar","- - -","LF",102,97,838.2,166,11,2,1,1,0,1,0,0,,,,,,0.98882682,,"Miguel Andujar",15878,609280
"Luis Severino","- - -","P",76,75,417.2,23,66,7,0,7,3,3,0,0,,33,,,,0.92708333,,"Luis Severino",15890,622663
"Luis Torrens","- - -","C",132,103,922.2,921,55,6,4,2,1,4,1,2,,44,31,8,44,0.99389002,,"Luis Torrens",15905,620443
"Austin Nola","- - -","C",64,55,476,423,22,1,0,1,4,1,1,2,,44,9,1,15,0.99775785,,"Austin Nola",15941,543592
"Willy Adames","- - -","SS",450,450,3939,545,1025,50,21,29,174,97,84,14,,,,,,0.9691358,,"Willy Adames",15986,642715
"Cody Bellinger","- - -","1B",88,60,581,544,33,3,2,1,35,5,0,36,9,,,,,0.99482759,,"Cody Bellinger",15998,641355
"Cody Bellinger","- - -","CF",169,162,1366,386,7,4,3,1,0,2,0,0,,,,,,0.98992443,,"Cody Bellinger",15998,641355
"Cody Bellinger","- - -","LF",74,50,487.2,101,3,1,1,0,0,1,0,0,,,,,,0.99047619,,"Cody Bellinger",15998,641355
"Cody Bellinger","- - -","RF",96,90,770.1,162,3,2,1,1,0,0,0,0,,,,,,0.98802395,,"Cody Bellinger",15998,641355
"Carlos Rodón","NYY","P",76,76,415.2,14,22,0,0,0,0,0,0,0,,40,,,,1,,"Carlos Rodon",16137,607074
"Aaron Nola","PHI","P",79,79,468,30,37,1,0,1,4,4,0,1,,38,,,,0.98529412,,"Aaron Nola",16149,605400
"Austin Slater","- - -","LF",84,45,419,94,3,0,0,0,0,1,0,0,,,,,,1,,"Austin Slater",16153,596103
"Austin Slater","- - -","RF",73,38,385.2,92,3,3,1,2,0,0,0,0,,,,,,0.96938776,,"Austin Slater",16153,596103
"J.D. Davis","- - -","3B",131,117,1020.2,66,220,9,5,4,13,13,0,4,,,,,,0.96949153,,"J.D. Davis",16219,605204
"Trea Turner","PHI","SS",409,409,3572.1,470,1001,48,27,21,151,86,62,18,,,,,,0.96840026,,"Trea Turner",16252,607208
"Kyle Freeland","COL","P",78,78,414,10,32,5,0,5,3,3,0,0,,27,,,,0.89361702,,"Kyle Freeland",16256,607536
"Nick Gordon","- - -","LF",73,62,539.1,118,3,3,0,2,0,0,0,0,,,,,,0.97580645,,"Nick Gordon",16337,624503
"Michael Conforto","- - -","LF",244,221,1865.2,349,10,6,3,3,0,3,0,0,,,,,,0.98356164,,"Michael Conforto",16376,624424
"Michael Conforto","SFG","RF",96,90,761,134,4,1,1,0,0,0,0,0,,,,,,0.99280576,,"Michael Conforto",16376,624424
"Francisco Mejía","TBR","C",50,42,381,375,19,6,3,3,2,1,2,0,,38,4,0,15,0.985,,"Francisco Mejia",16403,642336
"Thairo Estrada","- - -","2B",235,230,2004.2,323,668,11,7,4,151,55,99,6,,,,,,0.98902196,,"Thairo Estrada",16426,642731
"Christian Arroyo","BOS","2B",62,51,442,105,146,2,0,2,40,15,30,2,,,,,,0.99209486,,"Christian Arroyo",16434,624414
"Ryan O'Hearn","- - -","1B",188,159,1359,1138,76,11,8,3,88,8,0,83,14,,,,,0.99102041,,"Ryan O'Hearn",16442,656811
"Ryan O'Hearn","- - -","RF",62,45,379,76,0,1,1,0,0,0,0,0,,,,,,0.98701299,,"Ryan O'Hearn",16442,656811
"Luis Guillorme","- - -","2B",91,54,525.2,93,150,1,1,0,39,22,18,0,,,,,,0.99590164,,"Luis Guillorme",16451,641645
"Rhys Hoskins","MIL","1B",174,166,1445,1136,90,8,6,2,93,7,1,97,18,,,,,0.99351702,,"Rhys Hoskins",16472,656555
"Kyle Schwarber","PHI","LF",116,116,979.1,192,2,6,5,1,0,0,0,0,,,,,,0.97,,"Kyle Schwarber",16478,656941
"Matt Chapman","- - -","3B",404,402,3535,293,743,39,20,18,86,92,0,2,,,,,,0.96372093,,"Matt Chapman",16505,656305
"Jordan Montgomery","- - -","P",57,53,305.2,16,32,2,1,1,0,0,0,0,,28,,,,0.96,,"Jordan Montgomery",16511,656756
"Isiah Kiner-Falefa","- - -","2B",59,42,381,71,125,2,0,2,28,9,19,1,,,,,,0.98989899,,"Isiah Kiner-Falefa",16512,643396
"Isiah Kiner-Falefa","- - -","3B",108,96,831,65,187,8,6,2,21,20,1,0,,,,,,0.96923077,,"Isiah Kiner-Falefa",16512,643396
"Isiah Kiner-Falefa","- - -","SS",138,131,1153,173,303,7,1,6,52,28,24,5,,,,,,0.98550725,,"Isiah Kiner-Falefa",16512,643396
"Mauricio Dubón","HOU","2B",144,115,1062.2,164,306,7,2,5,81,33,49,2,,,,,,0.98532495,,"Mauricio Dubon",16530,643289
"Mauricio Dubón","HOU","CF",66,51,443.2,146,2,1,1,0,0,0,0,0,,,,,,0.99328859,,"Mauricio Dubon",16530,643289
"Mauricio Dubón","HOU","LF",120,64,631.1,139,2,8,4,4,0,0,0,0,,,,,,0.94630872,,"Mauricio Dubon",16530,643289
"Danny Jansen","- - -","C",242,215,1927,1906,66,18,3,13,0,1,0,3,,177,36,5,40,0.99095477,,"Danny Jansen",16535,643376
"Ozzie Albies","ATL","2B",393,393,3482.2,560,955,13,10,3,185,78,110,12,,,,,,0.99149215,,"Ozzie Albies",16556,645277
"Austin Gomber","COL","P",69,69,361.2,10,37,1,0,1,1,1,0,0,,26,,,,0.97916667,,"Austin Gomber",16561,596295
"Connor Joe","- - -","1B",138,90,826,693,67,2,0,2,80,4,1,80,8,,,,,0.99737533,,"Connor Joe",16572,656582
"Connor Joe","- - -","RF",117,83,742.1,166,6,4,3,1,0,1,0,0,,,,,,0.97727273,,"Connor Joe",16572,656582
"Yandy Díaz","TBR","1B",264,259,2223.1,1875,126,13,10,3,151,16,1,148,27,,,,,0.99354518,,"Yandy Diaz",16578,650490
"Luis Urías","- - -","2B",126,114,985,153,229,6,4,2,47,22,28,4,,,,,,0.98453608,,"Luis Urias",16622,649966
"Luis Urías","- - -","3B",66,48,425.1,43,83,8,1,7,8,9,0,1,,,,,,0.94029851,,"Luis Urias",16622,649966
"Jose Trevino","- - -","C",208,188,1638,1648,65,13,6,7,0,3,3,1,,139,38,10,54,0.99246813,,"Jose Trevino",16725,624431
"Jonah Heim","TEX","C",329,308,2690,2586,102,12,2,10,3,12,4,5,,204,48,11,90,0.99555556,,"Jonah Heim",16930,641680
"Lane Thomas","- - -","CF",95,72,655,190,8,4,2,2,0,2,0,0,,,,,,0.98019802,,"Lane Thomas",16939,657041
"Lane Thomas","- - -","RF",245,233,2040.1,489,20,9,6,3,0,4,0,0,,,,,,0.98262548,,"Lane Thomas",16939,657041
"Derek Hill","- - -","CF",91,67,615.1,196,5,1,1,0,0,1,0,0,,,,,,0.9950495,,"Derek Hill",16947,656537
"Gleyber Torres","- - -","2B",417,411,3613,650,934,38,28,10,203,77,133,15,,,,,,0.97657213,,"Gleyber Torres",16997,650402
"Edmundo Sosa","PHI","2B",57,49,400.2,101,109,3,2,1,25,8,17,1,,,,,,0.98591549,,"Edmundo Sosa",17022,624641
"Edmundo Sosa","PHI","3B",138,102,954.1,88,220,14,11,3,9,9,0,0,,,,,,0.95652174,,"Edmundo Sosa",17022,624641
"Edmundo Sosa","PHI","SS",79,54,527.2,84,149,3,1,2,30,15,16,2,,,,,,0.98728814,,"Edmundo Sosa",17022,624641
"Alex Verdugo","- - -","LF",195,186,1646.2,356,8,3,3,0,0,1,0,0,,,,,,0.99182561,,"Alex Verdugo",17027,657077
"Alex Verdugo","- - -","RF",150,143,1243,306,12,3,2,1,0,4,0,0,,,,,,0.99065421,,"Alex Verdugo",17027,657077
"Jose Herrera","ARI","C",137,123,1077.2,1081,35,7,2,5,0,3,0,4,,88,17,7,30,0.9937667,,"Jose Herrera",17040,645444
"Pablo López","MIN","P",76,76,446,23,41,5,0,5,1,1,0,0,,27,,,,0.92753623,,"Pablo Lopez",17085,641154
"Ramón Laureano","- - -","CF",50,39,324.1,90,4,1,1,0,0,1,0,0,,,,,,0.98947368,,"Ramon Laureano",17128,657656
"Ramón Laureano","- - -","LF",85,72,634,135,5,2,2,0,0,1,0,0,,,,,,0.98591549,,"Ramon Laureano",17128,657656
"Ramón Laureano","- - -","RF",201,154,1391.2,335,17,11,5,6,0,3,0,0,,,,,,0.96969697,,"Ramon Laureano",17128,657656
"Chad Wallach","LAA","C",59,49,414.1,457,16,2,1,1,1,1,2,1,,22,9,4,21,0.99578947,,"Chad Wallach",17161,595453
"Yoán Moncada","- - -","3B",170,163,1387,116,256,17,11,6,25,26,0,3,,,,,,0.9562982,,"Yoan Moncada",17232,660162
"Jorge Mateo","BAL","2B",61,57,498.2,84,141,6,2,4,25,8,16,2,,,,,,0.97402597,,"Jorge Mateo",17273,622761
"Jorge Mateo","BAL","SS",126,106,942,128,266,14,8,6,58,31,29,4,,,,,,0.96568627,,"Jorge Mateo",17273,622761
"Alex Jackson","- - -","C",88,68,612.2,641,29,8,4,4,1,5,1,1,,41,17,6,14,0.98820059,,"Alex Jackson",17276,656577
"Ranger Suárez","PHI","P",72,72,418.2,22,64,3,1,2,5,5,0,1,,21,,,,0.96629213,,"Ranger Suarez",17277,624133
"Framber Valdez","HOU","P",87,87,550.2,10,48,2,0,2,5,5,0,0,,50,,,,0.96666667,,"Framber Valdez",17295,664285
"Justin Steele","CHC","P",58,58,330.2,9,19,3,2,1,0,0,0,0,,17,,,,0.90322581,,"Justin Steele",17312,657006
"Willi Castro","- - -","2B",97,66,589,95,119,2,1,1,22,6,17,3,,,,,,0.99074074,,"Willi Castro",17338,650489
"Willi Castro","- - -","3B",90,52,484,35,88,4,2,2,7,7,0,0,,,,,,0.96850394,,"Willi Castro",17338,650489
"Willi Castro","- - -","CF",81,57,507.1,142,3,3,3,0,0,1,0,0,,,,,,0.97972973,,"Willi Castro",17338,650489
"Willi Castro","- - -","LF",127,92,786,172,4,3,2,1,0,0,0,0,,,,,,0.98324022,,"Willi Castro",17338,650489
"Willi Castro","MIN","SS",69,54,517,72,104,4,0,4,12,6,5,2,,,,,,0.97777778,,"Willi Castro",17338,650489
"Rafael Devers","- - -","3B",282,280,2440.1,206,435,31,20,11,37,39,2,4,,,,,,0.95386905,,"Rafael Devers",17350,646240
"Erick Fedde","- - -","P",59,55,308.1,26,23,2,0,2,1,3,0,0,,40,,,,0.96078431,,"Erick Fedde",17425,607200
"Jose Siri","- - -","CF",239,218,1960.1,561,3,9,7,2,0,2,0,0,,,,,,0.98429319,,"Jose Siri",17452,642350
"Jack Flaherty","- - -","P",86,84,458,43,36,0,0,0,4,3,0,1,,21,,,,1,,"Jack Flaherty",17479,656427
"Taylor Ward","LAA","LF",373,368,3240.1,742,15,9,6,3,0,1,0,0,,,,,,0.98825065,,"Taylor Ward",17548,621493
"Mitch Keller","PIT","P",92,92,534.2,43,48,1,0,1,7,5,0,2,,68,,,,0.98913043,,"Mitch Keller",17594,656605
"Myles Straw","- - -","CF",234,191,1756,485,10,1,1,0,0,4,0,0,,,,,,0.99798387,,"Myles Straw",17620,664702
"Alex Bregman","- - -","3B",402,399,3509.1,278,710,33,10,23,71,74,0,4,,,,,,0.96767875,,"Alex Bregman",17678,608324
"Kevin Newman","- - -","2B",68,42,411.2,67,118,2,2,0,29,13,18,2,,,,,,0.98930481,,"Kevin Newman",17696,621028
"Kevin Newman","- - -","3B",62,35,343,35,52,7,3,4,7,7,0,0,,,,,,0.92553191,,"Kevin Newman",17696,621028
"Kevin Newman","- - -","SS",88,75,666.1,86,211,6,4,2,40,23,17,2,,,,,,0.98019802,,"Kevin Newman",17696,621028
"DJ Stewart","NYM","RF",70,61,502.1,108,3,1,1,0,0,1,0,0,,,,,,0.99107143,,"DJ Stewart",17766,621466
"Andrew Benintendi","CHW","LF",338,325,2829,650,10,10,6,4,0,2,0,0,,,,,,0.98507463,,"Andrew Benintendi",17901,643217
"Brendan Rodgers","- - -","2B",216,198,1751.1,291,511,11,6,5,133,47,85,4,,,,,,0.98646986,,"Brendan Rodgers",17907,663898
"Ian Happ","CHC","LF",428,426,3728,826,28,5,4,1,0,6,0,0,,,,,,0.99417928,,"Ian Happ",17919,664023
"Cedric Mullins","- - -","CF",369,334,2990.1,807,8,7,5,2,0,3,0,0,,,,,,0.99148418,,"Cedric Mullins",17929,656775
"Sam Hilliard","- - -","CF",44,33,325.2,75,0,1,0,1,0,0,0,0,,,,,,0.98684211,,"Sam Hilliard",17954,656541
"Ty France","- - -","1B",410,383,3411.2,2678,269,8,5,1,219,19,1,229,59,,,,,0.99729272,,"Ty France",17982,664034
"Tyler Stephenson","CIN","C",277,246,2206,2063,65,10,1,9,0,7,1,6,,168,41,8,70,0.99532273,,"Tyler Stephenson",17988,663886
"Logan Webb","SFG","P",96,96,605.1,38,83,4,3,1,11,10,0,1,,49,,,,0.968,,"Logan Webb",17995,657277
"Paul DeJong","- - -","3B",68,65,547.1,43,104,5,3,2,14,13,0,1,,,,,,0.96710526,,"Paul DeJong",18015,657557
"Paul DeJong","- - -","SS",210,192,1707.2,240,439,17,8,9,71,42,32,5,,,,,,0.97557471,,"Paul DeJong",18015,657557
"Harrison Bader","- - -","CF",301,238,2211.1,644,6,12,5,7,0,1,0,0,,,,,,0.98187311,,"Harrison Bader",18030,664056
"Harrison Bader","MIN","LF",70,57,496,126,4,1,1,0,0,1,0,0,,,,,,0.99236641,,"Harrison Bader",18030,664056
"Jake Cronenworth","SDP","1B",204,183,1646.1,1429,89,6,4,2,135,15,4,132,21,,,,,0.99606299,,"Jake Cronenworth",18036,630105
"Jake Cronenworth","SDP","2B",213,201,1750.2,317,451,13,9,3,103,34,72,7,,,,,,0.98335467,,"Jake Cronenworth",18036,630105
"Dylan Moore","- - -","2B",95,54,534.2,88,152,3,2,1,27,13,14,2,,,,,,0.98765432,,"Dylan Moore",18042,664238
"Dylan Moore","SEA","3B",62,34,310.1,30,67,2,1,1,8,8,0,0,,,,,,0.97979798,,"Dylan Moore",18042,664238
"Dylan Moore","SEA","SS",64,47,452.1,76,118,7,5,2,23,12,11,0,,,,,,0.96517413,,"Dylan Moore",18042,664238
"Garrett Stubbs","PHI","C",93,79,726.2,712,24,7,0,7,1,6,0,1,,58,15,5,25,0.99057873,,"Garrett Stubbs",18067,596117
"Nathan Lukes","TOR","LF",58,40,353,65,6,2,2,0,0,2,0,0,,,,,,0.97260274,,"Nathan Lukes",18123,664770
"Nathan Lukes","TOR","RF",89,44,447,106,7,1,1,0,0,1,0,0,,,,,,0.99122807,,"Nathan Lukes",18123,664770
"LaMonte Wade Jr.","- - -","1B",259,235,2010.2,1881,177,15,11,4,162,8,1,168,38,,,,,0.99276411,,"LaMonte Wade Jr.",18126,664774
"Seth Brown","OAK","1B",62,43,397.1,308,29,2,1,1,22,2,0,22,3,,,,,0.99410029,,"Seth Brown",18171,664913
"Seth Brown","OAK","LF",92,63,594.1,150,2,2,2,0,0,0,0,0,,,,,,0.98701299,,"Seth Brown",18171,664913
"Seth Brown","OAK","RF",90,74,644.2,178,3,0,0,0,0,1,0,0,,,,,,1,,"Seth Brown",18171,664913
"Brian Anderson","- - -","3B",71,50,477.1,45,96,5,2,3,10,10,0,1,,,,,,0.96575342,,"Brian Anderson",18289,605119
"Brian Anderson","- - -","RF",41,37,300.1,61,4,0,0,0,0,0,0,0,,,,,,1,,"Brian Anderson",18289,605119
"Dansby Swanson","CHC","SS",438,436,3803.2,553,1043,26,12,14,183,100,84,15,,,,,,0.98397041,,"Dansby Swanson",18314,621020
"Kyle Tucker","- - -","RF",338,335,2917.2,680,17,6,1,3,0,3,0,0,,,,,,0.99146515,,"Kyle Tucker",18345,663656
"Austin Riley","ATL","3B",370,370,3261,210,631,32,22,10,59,63,1,7,,,,,,0.96334479,,"Austin Riley",18360,663586
"Victor Robles","- - -","CF",76,66,570.1,160,3,2,1,1,0,1,0,0,,,,,,0.98787879,,"Victor Robles",18363,645302
"Victor Robles","- - -","RF",54,47,407.2,94,2,0,0,0,0,1,0,0,,,,,,1,,"Victor Robles",18363,645302
"Ryan Mountcastle","BAL","1B",258,242,2174.2,1859,177,5,4,1,162,10,0,165,24,,,,,0.99755022,,"Ryan Mountcastle",18373,663624
"Juan Yepez","WSN","1B",47,45,398.1,351,19,2,2,0,40,6,0,40,5,,,,,0.99462366,,"Juan Yepez",18400,660766
"Ronald Acuña Jr.","ATL","RF",280,278,2432.2,512,16,8,6,2,0,3,0,0,,,,,,0.98507463,,"Ronald Acuna Jr.",18401,660670
"Dylan Cease","- - -","P",95,95,517.1,24,47,1,0,1,1,1,0,0,,30,,,,0.98611111,,"Dylan Cease",18525,656302
"Trent Grisham","- - -","CF",347,305,2773.1,680,9,8,8,0,0,4,0,0,,,,,,0.98852224,,"Trent Grisham",18564,663757
"Luis Arraez","- - -","1B",191,180,1574.2,1230,87,6,4,2,109,15,1,109,23,,,,,0.99546485,,"Luis Arraez",18568,650333
"Luis Arraez","- - -","2B",182,170,1482,288,421,8,5,3,111,42,72,8,,,,,,0.9888424,,"Luis Arraez",18568,650333
"Ke'Bryan Hayes","- - -","3B",355,342,3040.1,257,718,16,7,9,81,85,0,3,,,,,,0.98385469,,"Ke'Bryan Hayes",18577,663647
"Jared Walsh","- - -","1B",45,31,310,265,22,3,1,2,35,4,0,35,0,,,,,0.98965517,,"Jared Walsh",18607,665120
"Freddy Peralta","MIL","P",92,92,503,36,31,2,0,2,3,3,0,0,,36,,,,0.97101449,,"Freddy Peralta",18679,642547
"Sandy Alcantara","MIA","P",56,56,338.2,21,27,5,1,4,0,1,0,1,,49,,,,0.90566038,,"Sandy Alcantara",18684,645261
"Ramón Urías","- - -","2B",48,36,320,46,114,0,0,0,21,10,13,1,,,,,,1,,"Ramon Urias",18795,602104
"Ramón Urías","- - -","3B",258,213,1945.1,136,378,15,7,8,40,42,0,0,,,,,,0.97164461,,"Ramon Urias",18795,602104
"Andy Ibáñez","DET","2B",132,89,810,156,237,5,4,1,57,25,36,3,,,,,,0.98743719,,"Andy Ibanez",18819,628451
"Andy Ibáñez","DET","3B",91,45,459,33,94,4,1,3,10,10,0,0,,,,,,0.96946565,,"Andy Ibanez",18819,628451
"Josh Naylor","- - -","1B",344,336,2937.2,2517,186,18,14,4,227,17,2,233,42,,,,,0.99338479,,"Josh Naylor",18839,647304
"Yohel Pozo","STL","C",46,35,324,268,12,5,2,3,0,0,0,0,,36,9,4,7,0.98245614,,"Yohel Pozo",18848,650968
"Brandon Lowe","TBR","2B",274,258,2252,408,625,16,12,4,145,48,98,10,,,,,,0.98474738,,"Brandon Lowe",18882,664040
"Seby Zavala","- - -","C",89,70,622.2,616,20,5,1,4,0,1,0,0,,53,10,4,23,0.99219969,,"Seby Zavala",18887,664874
"Leody Taveras","- - -","CF",320,301,2683.1,793,16,7,5,2,0,2,0,0,,,,,,0.99142157,,"Leody Taveras",18900,665750
"Will Smith","LAD","C",333,320,2875.2,2810,127,16,6,9,2,5,2,6,,203,76,9,136,0.99458178,,"Will Smith",19197,669257
"Yuli Gurriel","- - -","1B",109,87,807.1,667,39,2,2,0,68,2,1,68,7,,,,,0.99717514,,"Yuli Gurriel",19198,493329
"Lourdes Gurriel Jr.","ARI","LF",340,323,2843.1,602,18,8,3,5,0,2,0,0,,,,,,0.98726115,,"Lourdes Gurriel Jr.",19238,666971
"Pete Alonso","NYM","1B",449,446,3930,3204,335,20,9,10,309,20,1,318,82,,,,,0.99438044,,"Pete Alonso",19251,624413
"Cavan Biggio","- - -","2B",83,63,576.1,105,143,4,3,1,39,10,29,4,,,,,,0.98412698,,"Cavan Biggio",19252,624415
"Cavan Biggio","- - -","RF",49,38,327.1,70,0,1,0,1,0,0,0,0,,,,,,0.98591549,,"Cavan Biggio",19252,624415
"Jake Fraley","- - -","RF",214,182,1576,404,10,5,4,1,0,0,0,0,,,,,,0.98806683,,"Jake Fraley",19260,641584
"Garrett Hampson","- - -","CF",88,55,501.2,145,1,3,3,0,0,0,0,0,,,,,,0.97986577,,"Garrett Hampson",19262,641658
"Stone Garrett","WSN","LF",77,49,480.2,104,3,1,0,1,0,0,0,0,,,,,,0.99074074,,"Stone Garrett",19273,656448
"Adolis García","TEX","RF",389,382,3328.1,792,22,11,9,2,0,5,0,0,,,,,,0.98666667,,"Adolis Garcia",19287,666969
"Randy Arozarena","- - -","LF",421,414,3671,783,17,5,3,2,0,2,0,0,,,,,,0.99378882,,"Randy Arozarena",19290,668227
"Zac Gallen","ARI","P",92,92,532.2,40,33,1,0,1,2,1,0,1,,37,,,,0.98648649,,"Zac Gallen",19291,668678
"Nick Senzel","- - -","3B",110,91,804.1,52,181,11,3,8,12,14,0,1,,,,,,0.95491803,,"Nick Senzel",19293,669222
"Alex Call","- - -","CF",89,81,726.2,236,4,1,1,0,0,1,0,0,,,,,,0.99585062,,"Alex Call",19296,669743
"Alex Call","- - -","LF",77,52,489.2,99,0,0,0,0,0,0,0,0,,,,,,1,,"Alex Call",19296,669743
"Alex Call","- - -","RF",83,70,616.1,170,5,2,0,2,0,2,0,0,,,,,,0.98870056,,"Alex Call",19296,669743
"Cal Quantrill","- - -","P",74,74,365.2,24,33,1,0,1,3,3,0,0,,49,,,,0.98275862,,"Cal Quantrill",19312,615698
"Matt Thaiss","- - -","C",181,153,1362.1,1280,40,17,6,11,1,1,0,2,,101,21,5,45,0.98728497,,"Matt Thaiss",19318,642136
"Bryan Reynolds","PIT","LF",237,229,1981.2,415,8,3,3,0,0,1,0,0,,,,,,0.99295775,,"Bryan Reynolds",19326,668804
"Bryan Reynolds","PIT","RF",128,122,1066,246,8,2,1,1,0,1,0,0,,,,,,0.9921875,,"Bryan Reynolds",19326,668804
"Nicky Lopez","- - -","2B",133,106,950.1,158,278,4,4,0,53,16,38,2,,,,,,0.99090909,,"Nicky Lopez",19339,670032
"Nicky Lopez","- - -","SS",59,49,430.2,77,119,3,2,1,30,17,14,1,,,,,,0.98492462,,"Nicky Lopez",19339,670032
"Eli White","ATL","RF",63,37,384.2,95,1,0,0,0,0,0,0,0,,,,,,1,,"Eli White",19346,642201
"Dean Kremer","BAL","P",84,83,460.2,37,47,2,0,2,1,0,0,1,,20,,,,0.97674419,,"Dean Kremer",19350,665152
"Sean Murphy","ATL","C",247,237,2093,2272,89,17,5,12,2,5,1,3,,188,58,7,58,0.99285114,,"Sean Murphy",19352,669221
"Luke Raley","- - -","1B",103,79,683,563,40,4,3,1,40,0,0,41,5,,,,,0.99341021,,"Luke Raley",19354,670042
"Luke Raley","- - -","LF",80,65,571,136,1,1,1,0,0,0,0,0,,,,,,0.99275362,,"Luke Raley",19354,670042
"Luke Raley","- - -","RF",107,75,699,149,4,3,1,2,0,0,0,0,,,,,,0.98076923,,"Luke Raley",19354,670042
"Weston Wilson","PHI","LF",50,40,319,45,1,0,0,0,0,1,0,0,,,,,,1,,"Weston Wilson",19358,642215
"Corbin Burnes","- - -","P",75,75,452.1,51,33,7,1,6,2,1,0,1,,54,,,,0.92307692,,"Corbin Burnes",19361,669203
"Austin Hays","- - -","LF",263,234,2106.2,459,5,4,2,2,0,0,0,0,,,,,,0.99145299,,"Austin Hays",19363,669720
"Zach McKinstry","DET","2B",71,48,406.1,78,121,5,4,1,19,6,13,0,,,,,,0.9754902,,"Zach McKinstry",19392,656716
"Zach McKinstry","DET","3B",165,110,993,57,196,15,7,8,18,18,0,0,,,,,,0.94402985,,"Zach McKinstry",19392,656716
"Zach McKinstry","DET","RF",80,51,475,97,6,0,0,0,0,0,0,0,,,,,,1,,"Zach McKinstry",19392,656716
"Zach McKinstry","DET","SS",104,77,674,101,197,10,4,6,44,20,22,3,,,,,,0.96753247,,"Zach McKinstry",19392,656716
"Jake Rogers","DET","C",229,216,1907.1,1820,79,14,9,5,0,5,0,3,,111,33,4,60,0.99268165,,"Jake Rogers",19452,668670
"Andruw Monasterio","MIL","2B",61,44,381.1,69,109,2,2,0,31,12,20,3,,,,,,0.98888889,,"Andruw Monasterio",19455,655316
"Andruw Monasterio","MIL","3B",89,72,662,46,132,10,3,7,13,14,0,2,,,,,,0.94680851,,"Andruw Monasterio",19455,655316
"Tommy Edman","- - -","2B",114,96,865,168,251,4,3,1,54,20,35,2,,,,,,0.99054374,,"Tommy Edman",19470,669242
"Tommy Edman","- - -","CF",86,74,638.2,203,6,1,0,1,0,1,0,0,,,,,,0.9952381,,"Tommy Edman",19470,669242
"Tommy Edman","- - -","SS",66,59,523.2,93,178,8,3,5,38,19,18,2,,,,,,0.97132616,,"Tommy Edman",19470,669242
"Aaron Civale","- - -","P",74,72,377.1,19,17,1,1,0,1,1,0,0,,11,,,,0.97297297,,"Aaron Civale",19479,650644
"Andrew Knizner","- - -","C",129,115,1003,890,34,6,0,6,1,4,1,2,,91,15,3,42,0.99354839,,"Andrew Knizner",19514,668800
"TJ Friedl","CIN","CF",343,321,2811.1,808,11,7,7,0,0,2,0,0,,,,,,0.99152542,,"TJ Friedl",19522,670770
"Yordan Alvarez","HOU","LF",107,107,879.1,155,5,2,1,1,0,0,0,0,,,,,,0.98765432,,"Yordan Alvarez",19556,670541
"Zack Short","- - -","3B",52,35,308,20,59,7,2,5,4,3,0,1,,,,,,0.91860465,,"Zack Short",19562,670097
"Zack Short","- - -","SS",66,35,370.2,54,96,5,2,3,21,10,11,0,,,,,,0.96774194,,"Zack Short",19562,670097
"Nathaniel Lowe","- - -","1B",431,422,3721.1,3120,264,15,10,5,274,25,2,275,38,,,,,0.99558694,,"Nathaniel Lowe",19566,663993
"Chas McCormick","HOU","CF",100,84,707.1,221,2,0,0,0,0,0,0,0,,,,,,1,,"Chas McCormick",19599,676801
"Chas McCormick","HOU","LF",130,83,778.1,168,1,2,0,2,0,0,0,0,,,,,,0.98830409,,"Chas McCormick",19599,676801
"Chas McCormick","HOU","RF",82,38,395,95,1,0,0,0,0,0,0,0,,,,,,1,,"Chas McCormick",19599,676801
"Bryan De La Cruz","- - -","LF",210,193,1692.1,353,11,6,6,0,0,4,0,0,,,,,,0.98378378,,"Bryan De La Cruz",19600,650559
"Bryan De La Cruz","- - -","RF",63,55,490.2,110,5,3,3,0,0,2,0,0,,,,,,0.97457627,,"Bryan De La Cruz",19600,650559
"Otto Lopez","MIA","2B",135,126,1115.2,212,357,7,4,3,57,25,37,4,,,,,,0.98784722,,"Otto Lopez",19608,672640
"Otto Lopez","MIA","SS",104,98,868.2,146,204,9,4,5,33,17,18,3,,,,,,0.97493036,,"Otto Lopez",19608,672640
"Keibert Ruiz","WSN","C",299,289,2543.1,2338,106,13,2,10,2,14,1,4,,257,60,14,104,0.99470899,,"Keibert Ruiz",19610,660688
"Vladimir Guerrero Jr.","TOR","1B",361,354,3099,2520,197,27,21,6,243,27,1,244,66,,,,,0.99016035,,"Vladimir Guerrero Jr.",19611,665489
"Bo Bichette","TOR","SS",343,340,2959.2,372,664,27,11,16,139,78,58,12,,,,,,0.97460019,,"Bo Bichette",19612,666182
"Brent Rooker","OAK","LF",45,43,350.1,66,2,1,1,0,0,0,0,0,,,,,,0.98550725,,"Brent Rooker",19627,667670
"Brent Rooker","OAK","RF",55,47,394,102,3,4,2,2,0,1,0,0,,,,,,0.96330275,,"Brent Rooker",19627,667670
"Edward Olivares","- - -","LF",57,47,403.1,84,3,3,3,0,0,1,0,0,,,,,,0.96666667,,"Edward Olivares",19698,658668
"Edward Olivares","- - -","RF",48,44,350.2,80,3,1,1,0,0,0,0,0,,,,,,0.98809524,,"Edward Olivares",19698,658668
"Fernando Tatis Jr.","SDP","RF",373,369,3196,781,22,14,8,6,0,6,0,0,,,,,,0.98286414,,"Fernando Tatis Jr.",19709,665487
"Carlos Narváez","- - -","C",108,100,898,868,57,8,5,3,0,0,0,0,,71,30,8,28,0.99142551,,"Carlos Narvaez",19722,665966
"Josh Rojas","- - -","2B",84,70,585.1,95,170,4,3,1,34,15,18,3,,,,,,0.98513011,,"Josh Rojas",19734,668942
"Josh Rojas","- - -","3B",226,183,1633,147,310,20,5,15,26,25,1,1,,,,,,0.95807128,,"Josh Rojas",19734,668942
"Dairon Blanco","KCR","LF",74,33,341.1,84,2,0,0,0,0,0,0,0,,,,,,1,,"Dairon Blanco",19779,680118
"Zach Remillard","CHW","2B",41,34,310.2,57,97,2,2,0,20,7,13,0,,,,,,0.98717949,,"Zach Remillard",19788,621545
"Jason Delay","PIT","C",74,58,530,489,15,5,0,5,0,1,0,0,,50,7,0,25,0.99017682,,"Jason Delay",19806,641511
"Joshua Palacios","- - -","RF",102,79,652.1,128,5,2,2,0,0,2,0,0,,,,,,0.98518519,,"Joshua Palacios",19818,641943
"Abraham Toro","- - -","1B",75,63,553.2,479,32,3,3,0,44,4,0,44,16,,,,,0.99416342,,"Abraham Toro",19844,647351
"Abraham Toro","- - -","3B",76,61,548.1,42,123,10,4,6,8,7,1,0,,,,,,0.94285714,,"Abraham Toro",19844,647351
"Michael King","- - -","P",92,51,341,26,34,1,0,1,3,2,0,1,,11,,,,0.98360656,,"Michael King",19853,650633
"Luis Rengifo","LAA","2B",168,143,1251.2,232,328,9,5,4,89,36,58,3,,,,,,0.98418278,,"Luis Rengifo",19858,650859
"Luis Rengifo","LAA","3B",139,115,1029,85,229,14,5,9,27,27,1,0,,,,,,0.95731707,,"Luis Rengifo",19858,650859
"René Pinto","TBR","C",57,46,398.1,411,18,2,0,2,0,0,0,0,,37,4,6,21,0.99535963,,"Rene Pinto",19859,650907
"Riley Adams","WSN","C",149,136,1198.1,1028,43,8,2,6,0,3,1,2,,99,30,9,50,0.99258573,,"Riley Adams",19864,656180
"Griffin Canning","- - -","P",72,69,375,26,38,1,0,1,2,1,0,1,,11,,,,0.98461538,,"Griffin Canning",19867,656288
"Tanner Houck","BOS","P",60,60,328.1,48,35,1,0,1,3,2,0,1,,21,,,,0.98809524,,"Tanner Houck",19879,656557
"Emmanuel Rivera","- - -","3B",187,142,1277,89,245,8,1,7,24,24,1,1,,,,,,0.97660819,,"Emmanuel Rivera",19890,656896
"Pavin Smith","ARI","1B",63,46,412.1,350,35,1,0,0,28,1,0,28,7,,,,,0.99740933,,"Pavin Smith",19892,656976
"Connor Wong","BOS","C",281,251,2232.1,2131,102,19,7,11,4,6,4,3,,163,43,12,88,0.99156306,,"Connor Wong",19896,657136
"Clarke Schmidt","NYY","P",63,62,323,30,29,1,0,1,1,0,0,2,,19,,,,0.98333333,,"Clarke Schmidt",19899,657376
"Gavin Sheets","- - -","1B",78,70,598.2,448,43,4,4,0,49,4,0,49,2,,,,,0.99191919,,"Gavin Sheets",19901,657757
"Gavin Sheets","- - -","LF",66,58,476,87,4,1,0,1,0,0,0,0,,,,,,0.98913043,,"Gavin Sheets",19901,657757
"Gavin Sheets","CHW","RF",113,104,815,167,3,2,2,0,0,1,0,0,,,,,,0.98837209,,"Gavin Sheets",19901,657757
"Jesús Sánchez","- - -","RF",314,261,2326.1,544,8,10,7,3,0,1,1,0,,,,,,0.98220641,,"Jesus Sanchez",19913,660821
"Daulton Varsho","TOR","CF",211,175,1561.2,465,10,2,2,0,0,1,0,0,,,,,,0.99580713,,"Daulton Varsho",19918,662139
"Daulton Varsho","TOR","LF",184,137,1222,285,6,2,1,1,0,2,0,0,,,,,,0.99317406,,"Daulton Varsho",19918,662139
"Blake Perkins","MIL","CF",177,151,1392.2,429,10,2,2,0,0,2,0,0,,,,,,0.99546485,,"Blake Perkins",19921,663368
"Cristian Pache","- - -","CF",79,49,450.2,131,3,1,1,0,0,0,0,0,,,,,,0.99259259,,"Cristian Pache",19948,665506
"Andrés Giménez","- - -","2B",388,378,3349.2,629,988,17,9,8,212,77,138,7,,,,,,0.98959608,,"Andres Gimenez",19950,665926
"Josh Lowe","TBR","RF",271,244,2152.2,488,10,7,4,3,0,4,0,0,,,,,,0.98613861,,"Josh Lowe",19953,666139
"Gavin Lux","- - -","2B",153,131,1162.2,200,295,11,8,2,68,30,39,6,,,,,,0.97826087,,"Gavin Lux",19955,666158
"Gavin Lux","CIN","LF",52,47,378.2,68,2,2,0,2,0,0,0,0,,,,,,0.97222222,,"Gavin Lux",19955,666158
"Mickey Moniak","- - -","CF",190,171,1489,439,4,6,5,1,0,0,0,0,,,,,,0.98663697,,"Mickey Moniak",19956,666160
"Mickey Moniak","- - -","RF",96,82,701,166,3,4,3,1,0,1,0,0,,,,,,0.97687861,,"Mickey Moniak",19956,666160
"Jesús Luzardo","- - -","P",73,73,407,13,52,5,1,4,2,2,0,0,,34,,,,0.92857143,,"Jesus Luzardo",19959,666200
"Santiago Espinal","- - -","2B",99,75,676.2,106,164,9,7,2,35,10,25,1,,,,,,0.96774194,,"Santiago Espinal",19997,669289
"Santiago Espinal","- - -","3B",165,123,1147,76,224,7,3,4,9,9,1,0,,,,,,0.9771987,,"Santiago Espinal",19997,669289
"Miles Mastrobuoni","- - -","3B",73,54,464.2,31,101,4,1,3,6,6,0,1,,,,,,0.97058824,,"Miles Mastrobuoni",20017,670156
"Isaac Paredes","- - -","3B",333,323,2807.1,182,544,31,17,14,44,47,0,2,,,,,,0.95904888,,"Isaac Paredes",20036,670623
"Luis Robert Jr.","CHW","CF",345,338,2901,912,10,6,5,1,0,3,0,0,,,,,,0.99353448,,"Luis Robert Jr.",20043,673357
"Alan Trejo","COL","2B",65,51,457.2,84,149,6,6,0,32,12,20,2,,,,,,0.9748954,,"Alan Trejo",20056,676701
"Bailey Falter","- - -","P",72,66,348.1,11,31,0,0,0,1,0,0,1,,39,,,,1,,"Bailey Falter",20070,663559
"Juan Soto","- - -","LF",160,160,1397,267,11,3,3,0,0,2,0,0,,,,,,0.98932384,,"Juan Soto",20123,665742
"Juan Soto","- - -","RF",286,286,2508.2,514,16,2,2,0,0,2,0,0,,,,,,0.9962406,,"Juan Soto",20123,665742
"Dylan Carlson","- - -","CF",91,64,593.1,163,0,1,1,0,0,0,0,0,,,,,,0.99390244,,"Dylan Carlson",20126,666185
"Dylan Carlson","- - -","LF",84,64,612.2,135,3,0,0,0,0,0,0,0,,,,,,1,,"Dylan Carlson",20126,666185
"Dylan Carlson","- - -","RF",71,43,434.1,112,2,1,0,1,0,1,0,0,,,,,,0.99130435,,"Dylan Carlson",20126,666185
"Miguel Vargas","- - -","1B",66,52,470.2,378,39,2,1,1,30,6,0,31,9,,,,,0.99522673,,"Miguel Vargas",20178,678246
"Miguel Vargas","LAD","2B",78,69,613.2,120,156,5,4,1,42,16,28,2,,,,,,0.98220641,,"Miguel Vargas",20178,678246
"Miguel Vargas","CHW","3B",103,100,852,66,165,13,8,5,18,20,0,1,,,,,,0.94672131,,"Miguel Vargas",20178,678246
"Brandon Marsh","PHI","CF",244,206,1793,498,6,9,5,4,0,2,0,0,,,,,,0.98245614,,"Brandon Marsh",20202,669016
"Brandon Marsh","PHI","LF",175,110,1051,194,7,5,3,2,0,0,0,0,,,,,,0.97572816,,"Brandon Marsh",20202,669016
"Jo Adell","LAA","CF",98,92,812,227,1,5,4,1,0,0,0,0,,,,,,0.97854077,,"Jo Adell",20220,666176
"Jo Adell","LAA","RF",183,167,1476.1,350,4,6,5,1,0,0,0,0,,,,,,0.98333333,,"Jo Adell",20220,666176
"Ben Rortvedt","- - -","C",174,135,1217.1,1192,45,12,4,7,1,4,1,0,,96,23,8,26,0.99039231,,"Ben Rortvedt",20287,666163
"David Peterson","NYM","P",75,69,389.1,25,51,6,1,5,1,1,0,0,,11,,,,0.92682927,,"David Peterson",20302,656849
"Jake Meyers","HOU","CF",342,297,2696.1,785,6,6,5,1,0,0,0,0,,,,,,0.99247177,,"Jake Meyers",20308,676694
"Corey Julks","- - -","LF",98,85,752.1,132,5,1,1,0,0,1,0,0,,,,,,0.99275362,,"Corey Julks",20311,667452
"Stuart Fairchild","- - -","CF",87,58,547.2,179,1,1,1,0,0,1,0,0,,,,,,0.99447514,,"Stuart Fairchild",20321,656413
"Stuart Fairchild","- - -","RF",68,40,360.2,101,7,1,1,0,0,1,0,0,,,,,,0.99082569,,"Stuart Fairchild",20321,656413
"Alex Kirilloff","MIN","1B",87,69,594,453,26,3,3,0,32,2,1,35,7,,,,,0.99377593,,"Alex Kirilloff",20325,666135
"Ernie Clement","TOR","2B",57,41,367.1,70,99,4,2,2,23,11,14,1,,,,,,0.97687861,,"Ernie Clement",20352,676391
"Ernie Clement","TOR","3B",180,137,1248,120,272,15,9,6,28,29,0,1,,,,,,0.96314496,,"Ernie Clement",20352,676391
"Ernie Clement","TOR","SS",79,61,548.1,87,153,6,4,2,37,20,16,1,,,,,,0.97560976,,"Ernie Clement",20352,676391
"Luis García Jr.","WSN","2B",369,348,3078.2,613,863,25,9,16,215,66,154,9,,,,,,0.98334444,,"Luis Garcia Jr.",20391,671277
"Royce Lewis","MIN","3B",183,174,1517.2,133,261,17,4,13,28,27,3,1,,,,,,0.95863747,,"Royce Lewis",20437,668904
"Jazz Chisholm Jr.","- - -","2B",86,84,744,124,206,8,2,6,36,17,19,1,,,,,,0.97633136,,"Jazz Chisholm Jr.",20454,665862
"Jazz Chisholm Jr.","NYY","3B",74,73,638.1,53,125,13,3,10,9,9,1,1,,,,,,0.93193717,,"Jazz Chisholm Jr.",20454,665862
"Jazz Chisholm Jr.","- - -","CF",192,187,1605,401,7,5,3,2,0,1,0,0,,,,,,0.98789346,,"Jazz Chisholm Jr.",20454,665862
"William Contreras","MIL","C",346,345,3031,3085,108,23,11,12,2,8,1,4,,205,58,13,90,0.99284826,,"William Contreras",20503,661388
"Drew Waters","KCR","CF",72,61,526.2,159,1,5,5,0,0,1,0,0,,,,,,0.96969697,,"Drew Waters",20505,671221
"Drew Waters","KCR","RF",72,56,493,120,7,2,2,0,0,0,0,0,,,,,,0.98449612,,"Drew Waters",20505,671221
"Nick Madrigal","CHC","3B",108,72,698.1,55,149,6,4,2,12,12,1,0,,,,,,0.97142857,,"Nick Madrigal",20521,663611
"Nolan Jones","- - -","LF",141,129,1152.2,227,15,7,4,2,0,1,0,0,,,,,,0.97188755,,"Nolan Jones",20529,666134
"Nolan Jones","- - -","RF",129,101,865.2,183,11,2,2,0,0,3,0,0,,,,,,0.98979592,,"Nolan Jones",20529,666134
"Kutter Crawford","BOS","P",64,56,313,31,12,2,0,2,1,0,0,1,,15,,,,0.95555556,,"Kutter Crawford",20531,676710
"Vidal Bruján","- - -","2B",49,35,319,52,85,2,0,2,23,10,14,1,,,,,,0.98561151,,"Vidal Brujan",20536,660644
"Vidal Bruján","- - -","SS",51,32,327,51,95,6,5,1,13,6,7,1,,,,,,0.96052632,,"Vidal Brujan",20536,660644
"Jose Miranda","MIN","3B",128,117,1007.2,66,171,12,6,6,14,14,0,0,,,,,,0.95180723,,"Jose Miranda",20538,669304
"Elehuris Montero","COL","1B",109,102,890.2,877,50,5,1,4,95,11,0,96,16,,,,,0.99463519,,"Elehuris Montero",20543,660707
"Kody Clemens","- - -","1B",101,83,723.1,578,50,1,1,0,44,6,3,49,8,,,,,0.99841017,,"Kody Clemens",20572,665019
"Kody Clemens","- - -","2B",55,34,321.2,54,96,2,1,1,11,5,6,0,,,,,,0.98684211,,"Kody Clemens",20572,665019
"Iván Herrera","STL","C",83,75,662.2,637,29,4,1,3,0,1,0,1,,74,6,2,28,0.99402985,,"Ivan Herrera",20599,671056
"Yusei Kikuchi","- - -","P",94,94,505,15,31,3,0,3,2,2,0,0,,33,,,,0.93877551,,"Yusei Kikuchi",20633,579328
"Cristopher Sánchez","PHI","P",79,78,463.1,16,62,7,4,3,3,3,0,0,,30,,,,0.91764706,,"Cristopher Sanchez",20778,650911
"Bailey Ober","MIN","P",81,81,452.1,29,40,2,1,1,3,2,0,1,,9,,,,0.97183099,,"Bailey Ober",21224,641927
"Joe Ryan","MIN","P",80,79,453.2,17,26,4,2,2,1,0,0,1,,37,,,,0.91489362,,"Joe Ryan",21390,657746
"Lars Nootbaar","STL","CF",108,90,764,225,3,2,2,0,0,1,0,0,,,,,,0.99130435,,"Lars Nootbaar",21454,663457
"Lars Nootbaar","STL","LF",148,129,1152.2,207,0,2,2,0,0,0,0,0,,,,,,0.99043062,,"Lars Nootbaar",21454,663457
"Lars Nootbaar","STL","RF",129,105,928,246,7,2,2,0,0,3,0,0,,,,,,0.99215686,,"Lars Nootbaar",21454,663457
"Nico Hoerner","CHC","2B",416,412,3591.1,686,1033,19,12,7,192,76,125,9,,,,,,0.98906789,,"Nico Hoerner",21479,663538
"Trevor Larnach","MIN","LF",115,98,802.1,180,0,0,0,0,0,0,0,0,,,,,,1,,"Trevor Larnach",21501,663616
"Trevor Larnach","MIN","RF",71,49,461,110,1,0,0,0,0,0,0,0,,,,,,1,,"Trevor Larnach",21501,663616
"Jake Irvin","WSN","P",87,87,471.1,42,54,6,2,4,2,0,0,2,,19,,,,0.94117647,,"Jake Irvin",21504,663623
"Jonathan India","- - -","2B",303,297,2563.2,476,612,19,11,8,138,56,87,4,,,,,,0.9828365,,"Jonathan India",21523,663697
"Joey Bart","- - -","C",175,157,1375.2,1238,50,8,3,5,1,5,0,3,,140,29,10,48,0.99382716,,"Joey Bart",21524,663698
"Cal Raleigh","SEA","C",373,347,3133,3158,126,20,2,17,1,14,1,4,,233,79,8,94,0.99394673,,"Cal Raleigh",21534,663728
"Nick Fortes","- - -","C",292,237,2141,2149,93,28,8,19,2,3,2,3,,225,52,9,57,0.9876652,,"Nick Fortes",21538,663743
"Matt Vierling","DET","3B",89,69,600.1,52,128,3,2,1,9,11,0,2,,,,,,0.98360656,,"Matt Vierling",21558,663837
"Matt Vierling","DET","CF",108,86,760,220,4,2,2,0,0,1,0,0,,,,,,0.99115044,,"Matt Vierling",21558,663837
"Matt Vierling","DET","LF",60,36,360,78,0,0,0,0,0,0,0,0,,,,,,1,,"Matt Vierling",21558,663837
"Matt Vierling","DET","RF",97,77,689.2,186,6,1,0,1,0,0,0,0,,,,,,0.99481865,,"Matt Vierling",21558,663837
"Romy Gonzalez","BOS","1B",76,49,444.1,381,41,4,3,1,36,6,0,33,12,,,,,0.99061033,,"Romy Gonzalez",21562,663853
"Romy Gonzalez","- - -","2B",91,57,530,76,139,5,4,1,25,7,19,1,,,,,,0.97727273,,"Romy Gonzalez",21562,663853
"Kyle Isbel","KCR","CF",355,314,2757.2,813,6,6,4,2,0,3,0,0,,,,,,0.99272727,,"Kyle Isbel",21614,664728
"Alec Bohm","PHI","1B",108,82,775,629,57,6,4,2,47,3,2,48,5,,,,,0.99132948,,"Alec Bohm",21618,664761
"Alec Bohm","PHI","3B",317,305,2643,177,574,22,12,10,40,40,0,1,,,,,,0.97153946,,"Alec Bohm",21618,664761
"Jake McCarthy","ARI","CF",89,82,707.1,204,1,1,1,0,0,0,0,0,,,,,,0.99514563,,"Jake McCarthy",21622,664983
"Jake McCarthy","ARI","LF",58,39,354.1,83,0,0,0,0,0,0,0,0,,,,,,1,,"Jake McCarthy",21622,664983
"Jake McCarthy","ARI","RF",160,117,1081.1,290,2,4,2,2,0,1,0,0,,,,,,0.98648649,,"Jake McCarthy",21622,664983
"Nick Maton","- - -","3B",55,43,365,19,65,8,7,1,6,5,1,0,,,,,,0.91304348,,"Nick Maton",21635,665155
"Jeremy Peña","HOU","SS",423,418,3707.1,555,995,41,23,18,207,114,97,12,,,,,,0.97423004,,"Jeremy Pena",21636,665161
"Rafael Marchán","PHI","C",54,40,377,361,19,3,1,2,0,2,0,2,,31,14,2,8,0.9921671,,"Rafael Marchan",21646,665561
"Edward Cabrera","MIA","P",66,64,324.2,18,26,5,2,3,1,1,0,0,,67,,,,0.89795918,,"Edward Cabrera",21690,665795
"Miguel Amaya","CHC","C",184,162,1430.1,1343,56,11,5,6,0,2,1,3,,121,25,8,39,0.99219858,,"Miguel Amaya",21693,665804
"Oswaldo Cabrera","NYY","3B",122,105,944.2,91,211,12,2,10,21,24,0,2,,,,,,0.96178344,,"Oswaldo Cabrera",21707,665828
"Oswaldo Cabrera","NYY","LF",55,34,332,59,0,0,0,0,0,0,0,0,,,,,,1,,"Oswaldo Cabrera",21707,665828
"Oneil Cruz","PIT","CF",137,133,1178.1,333,6,11,7,4,0,2,0,0,,,,,,0.96857143,,"Oneil Cruz",21711,665833
"Oneil Cruz","PIT","SS",121,116,1031.1,152,250,25,12,13,53,39,16,4,,,,,,0.94145199,,"Oneil Cruz",21711,665833
"Enmanuel Valdez","- - -","2B",118,103,844.2,127,254,14,10,4,45,15,32,0,,,,,,0.96455696,,"Enmanuel Valdez",21716,665839
"Esteury Ruiz","OAK","CF",119,106,921.1,275,1,6,5,1,0,0,0,0,,,,,,0.9787234,,"Esteury Ruiz",21780,665923
"Jonathan Aranda","TBR","1B",125,113,1006.2,864,60,7,4,3,81,8,2,83,14,,,,,0.9924812,,"Jonathan Aranda",21837,666018
"Freddy Fermin","- - -","C",243,204,1863,1805,94,19,10,9,3,4,3,2,,91,45,15,38,0.99009385,,"Freddy Fermin",21840,666023
"Cole Ragans","- - -","P",71,54,331,14,33,0,0,0,1,1,0,0,,14,,,,1,,"Cole Ragans",21846,666142
"Will Benson","CIN","CF",57,40,348.1,105,1,2,1,1,0,0,0,0,,,,,,0.98148148,,"Will Benson",21853,666181
"Will Benson","CIN","LF",126,91,802,184,6,1,1,0,0,1,0,0,,,,,,0.9947644,,"Will Benson",21853,666181
"Will Benson","CIN","RF",136,104,952.2,269,6,1,0,1,0,1,0,0,,,,,,0.99637681,,"Will Benson",21853,666181
"Bo Naylor","CLE","C",289,251,2251.1,2196,111,17,5,12,1,7,3,8,,191,51,15,73,0.99268503,,"Bo Naylor",21865,666310
"Christopher Morel","- - -","2B",40,36,332,53,113,4,3,1,22,5,17,0,,,,,,0.97647059,,"Christopher Morel",21897,666624
"Christopher Morel","CHC","3B",79,77,618.1,49,116,10,5,5,7,7,0,1,,,,,,0.94285714,,"Christopher Morel",21897,666624
"Christopher Morel","- - -","LF",80,66,547.1,113,2,5,3,2,0,0,0,0,,,,,,0.95833333,,"Christopher Morel",21897,666624
"Dane Myers","MIA","CF",99,77,707,218,6,1,0,1,0,1,0,0,,,,,,0.99555556,,"Dane Myers",22054,667472
"Dane Myers","MIA","RF",50,35,310,73,6,4,3,1,0,1,0,0,,,,,,0.95180723,,"Dane Myers",22054,667472
"José Soriano","LAA","P",89,49,318.2,25,38,4,1,3,5,2,0,3,,8,,,,0.94029851,,"Jose Soriano",22100,667755
"Nick Pratto","KCR","1B",78,64,565.2,512,28,4,0,4,48,4,0,50,8,,,,,0.99264706,,"Nick Pratto",22117,668472
"Akil Baddoo","DET","LF",122,109,911.1,222,4,2,1,1,0,1,0,0,,,,,,0.99122807,,"Akil Baddoo",22168,668731
"Hunter Greene","CIN","P",64,64,352.2,17,22,0,0,0,1,1,0,0,,36,,,,1,,"Hunter Greene",22182,668881
"Mark Vientos","NYM","3B",193,186,1548.1,105,313,15,9,6,26,26,1,1,,,,,,0.96535797,,"Mark Vientos",22184,668901
"Brice Turang","MIL","2B",410,381,3391,627,959,20,12,8,188,67,126,11,,,,,,0.9875467,,"Brice Turang",22186,668930
"MJ Melendez","KCR","LF",195,177,1498.2,302,12,5,3,2,1,3,0,0,,,,,,0.98432602,,"MJ Melendez",22197,669004
"MJ Melendez","KCR","RF",82,75,641.2,156,4,5,4,1,0,0,0,0,,,,,,0.96969697,,"MJ Melendez",22197,669004
"MacKenzie Gore","WSN","P",86,86,450,7,40,4,2,2,1,2,0,0,,48,,,,0.92156863,,"MacKenzie Gore",22201,669022
"Luis Campusano","SDP","C",128,111,996,1015,37,6,4,2,0,0,1,0,,70,9,8,48,0.99432892,,"Luis Campusano",22217,669134
"Jack Suwinski","PIT","CF",183,167,1397.2,431,2,2,1,1,0,0,0,0,,,,,,0.9954023,,"Jack Suwinski",22244,669261
"Jack Suwinski","PIT","LF",65,42,410.2,81,0,1,1,0,0,0,0,0,,,,,,0.98780488,,"Jack Suwinski",22244,669261
"Logan Gilbert","SEA","P",87,87,513.2,55,24,4,0,4,0,0,0,1,,37,,,,0.95180723,,"Logan Gilbert",22250,669302
"Nolan Gorman","STL","2B",205,187,1642,287,502,16,13,3,120,45,77,5,,,,,,0.98012422,,"Nolan Gorman",22263,669357
"Nolan Gorman","STL","3B",68,53,492.2,30,104,7,1,6,15,15,0,0,,,,,,0.95035461,,"Nolan Gorman",22263,669357
"Xavier Edwards","MIA","2B",110,102,886.2,124,260,3,2,1,46,20,27,0,,,,,,0.99224806,,"Xavier Edwards",22266,669364
"Xavier Edwards","MIA","SS",110,108,949.2,139,240,13,5,8,50,30,21,6,,,,,,0.96683673,,"Xavier Edwards",22266,669364
"Tarik Skubal","DET","P",74,74,452.1,15,41,3,0,3,2,2,0,0,,10,,,,0.94915254,,"Tarik Skubal",22267,669373
"Jake Burger","- - -","1B",154,130,1164,953,109,7,4,2,76,6,0,77,16,,,,,0.99345182,,"Jake Burger",22275,669394
"Jake Burger","- - -","3B",161,158,1335,97,264,20,12,7,26,27,0,2,,,,,,0.94750656,,"Jake Burger",22275,669394
"Nick Allen","- - -","SS",267,242,2097.2,317,566,20,9,11,105,53,52,5,,,,,,0.97785161,,"Nick Allen",22277,669397
"Taylor Walls","TBR","2B",42,37,320.2,61,97,1,1,0,22,8,15,1,,,,,,0.99371069,,"Taylor Walls",22458,670764
"Taylor Walls","TBR","SS",209,173,1600.1,245,469,13,9,4,92,54,42,9,,,,,,0.98211829,,"Taylor Walls",22458,670764
"Triston Casas","BOS","1B",214,198,1784,1521,161,12,9,2,137,17,2,142,33,,,,,0.99291617,,"Triston Casas",22514,671213
"Heliot Ramos","SFG","CF",63,59,517.2,130,1,1,1,0,0,0,0,0,,,,,,0.99242424,,"Heliot Ramos",22515,671218
"Heliot Ramos","SFG","LF",201,194,1711.1,362,6,10,6,4,0,1,0,0,,,,,,0.97354497,,"Heliot Ramos",22515,671218
"Tyler Freeman","CLE","CF",97,82,731,193,8,1,1,0,0,2,0,0,,,,,,0.9950495,,"Tyler Freeman",22532,671289
"Tyler Freeman","COL","RF",61,55,467.1,98,2,1,1,0,0,0,0,0,,,,,,0.99009901,,"Tyler Freeman",22532,671289
"Lawrence Butler","OAK","CF",89,71,638.2,196,1,0,0,0,0,1,0,0,,,,,,1,,"Lawrence Butler",22542,671732
"Lawrence Butler","OAK","RF",217,195,1746.1,470,6,5,3,2,0,2,0,0,,,,,,0.98960499,,"Lawrence Butler",22542,671732
"Taj Bradley","- - -","P",73,71,375.1,19,22,1,1,0,0,0,0,0,,10,,,,0.97619048,,"Taj Bradley",22543,671737
"Michael Siani","- - -","CF",131,101,910.2,251,1,0,0,0,0,0,0,0,,,,,,1,,"Michael Siani",22557,672279
"Jarred Kelenic","- - -","CF",58,53,477.2,123,1,1,1,0,0,0,0,0,,,,,,0.992,,"Jarred Kelenic",22558,672284
"Jarred Kelenic","- - -","LF",155,136,1220.2,244,4,5,4,0,0,0,0,0,,,,,,0.98023715,,"Jarred Kelenic",22558,672284
"Jarred Kelenic","- - -","RF",44,38,331,79,0,2,1,1,0,0,0,0,,,,,,0.97530864,,"Jarred Kelenic",22558,672284
"Gabriel Arias","CLE","SS",158,146,1238,176,332,14,8,6,71,36,36,6,,,,,,0.97318008,,"Gabriel Arias",22563,672356
"Alejandro Kirk","TOR","C",298,273,2411.1,2407,114,20,4,13,2,7,2,4,,189,58,12,55,0.99212908,,"Alejandro Kirk",22581,672386
"Jordan Diaz","OAK","3B",38,37,304.2,24,43,6,4,2,6,6,0,1,,,,,,0.91780822,,"Jordan Diaz",22650,672478
"Gabriel Moreno","ARI","C",264,236,2119.2,1924,113,6,1,5,1,8,1,6,,114,47,6,59,0.99706314,,"Gabriel Moreno",22664,672515
"Maikel Garcia","KCR","2B",52,39,339.2,64,91,3,2,1,20,3,17,1,,,,,,0.98101266,,"Maikel Garcia",22715,672580
"Maikel Garcia","KCR","3B",348,325,2871,228,583,25,12,13,52,52,0,3,,,,,,0.97009569,,"Maikel Garcia",22715,672580
"Geraldo Perdomo","ARI","SS",359,337,3006,434,861,23,12,11,185,104,83,9,,,,,,0.98254932,,"Geraldo Perdomo",22799,672695
"Oswald Peraza","- - -","3B",98,75,682.2,44,157,6,3,3,6,8,0,0,,,,,,0.97101449,,"Oswald Peraza",22823,672724
"Wenceel Pérez","DET","CF",56,41,354.1,89,0,0,0,0,0,0,0,0,,,,,,1,,"Wenceel Perez",22857,672761
"Wenceel Pérez","DET","RF",149,126,1147.2,233,6,5,4,1,0,0,0,0,,,,,,0.9795082,,"Wenceel Perez",22857,672761
"Tucupita Marcano","PIT","SS",58,44,390,60,96,3,2,1,16,7,9,2,,,,,,0.98113208,,"Tucupita Marcano",22871,672779
"Lenyn Sosa","CHW","2B",188,167,1459.1,260,380,14,8,6,89,38,54,3,,,,,,0.97859327,,"Lenyn Sosa",22896,672820
"Lenyn Sosa","CHW","3B",65,54,500,44,89,5,2,3,13,13,0,2,,,,,,0.96376812,,"Lenyn Sosa",22896,672820
"Yainer Diaz","HOU","C",262,239,2159,2274,91,13,3,9,1,9,2,2,,202,56,8,62,0.99453322,,"Yainer Diaz",23003,673237
"Jacob Amaya","- - -","SS",61,49,412.2,66,86,2,2,0,19,6,12,2,,,,,,0.98701299,,"Jacob Amaya",23296,676070
"Ryan Noda","- - -","1B",160,139,1232,966,74,9,4,4,106,5,0,110,18,,,,,0.9914204,,"Ryan Noda",23312,676116
"Eric Wagaman","MIA","1B",106,84,767.1,667,46,8,5,3,45,5,1,50,4,,,,,0.9889043,,"Eric Wagaman",23395,676572
"José Caballero","- - -","2B",115,84,770.1,131,231,11,6,5,49,21,31,3,,,,,,0.97050938,,"Jose Caballero",23401,676609
"José Caballero","- - -","3B",79,32,360,28,77,2,2,0,8,8,0,1,,,,,,0.98130841,,"Jose Caballero",23401,676609
"José Caballero","- - -","SS",145,131,1127.2,146,328,14,8,6,66,35,34,5,,,,,,0.97131148,,"Jose Caballero",23401,676609
"JP Sears","- - -","P",89,89,478.2,6,34,2,0,2,2,4,0,0,,42,,,,0.95238095,,"JP Sears",23429,676664
"Davis Schneider","TOR","2B",98,66,608.2,88,155,0,0,0,27,10,18,2,,,,,,1,,"Davis Schneider",23565,676914
"Davis Schneider","TOR","LF",144,108,919.1,225,4,4,4,0,0,0,0,0,,,,,,0.98283262,,"Davis Schneider",23565,676914
"Wander Franco","TBR","SS",111,108,948,116,310,9,5,4,52,32,18,5,,,,,,0.97931034,,"Wander Franco",23667,677551
"Brayan Rocchio","CLE","SS",230,193,1761.2,263,448,21,10,11,109,61,50,6,,,,,,0.97131148,,"Brayan Rocchio",23690,677587
"José Tena","- - -","3B",86,75,662.1,41,131,15,8,7,17,18,0,1,,,,,,0.9197861,,"Jose Tena",23691,677588
"Julio Rodríguez","SEA","CF",427,426,3753,1082,13,11,7,4,0,5,0,0,,,,,,0.99005425,,"Julio Rodriguez",23697,677594
"Ronny Mauricio","NYM","3B",42,35,306.2,31,76,4,3,1,5,5,0,0,,,,,,0.96396396,,"Ronny Mauricio",23698,677595
"Ezequiel Duran","TEX","3B",61,53,486.1,30,101,9,6,3,4,4,0,0,,,,,,0.93571429,,"Ezequiel Duran",23733,677649
"Ezequiel Duran","TEX","LF",56,49,392.2,75,3,3,1,2,0,0,0,0,,,,,,0.96296296,,"Ezequiel Duran",23733,677649
"Ezequiel Duran","TEX","SS",67,50,458,65,131,5,0,5,24,13,11,1,,,,,,0.97512438,,"Ezequiel Duran",23733,677649
"Wilyer Abreu","BOS","RF",227,196,1733,417,15,13,7,6,0,5,0,0,,,,,,0.97078652,,"Wilyer Abreu",23772,677800
"Leo Jiménez","TOR","SS",44,36,330.2,44,76,2,1,1,14,9,3,3,,,,,,0.98360656,,"Leo Jimenez",23782,677870
"Blaze Alexander","ARI","3B",49,42,379,28,94,6,3,3,5,5,1,1,,,,,,0.953125,,"Blaze Alexander",23789,677942
"Alek Thomas","ARI","CF",277,238,2132,622,8,5,2,3,0,4,0,0,,,,,,0.99212598,,"Alek Thomas",23792,677950
"Parker Meadows","DET","CF",159,149,1315,373,1,2,1,1,0,0,0,0,,,,,,0.99468085,,"Parker Meadows",23800,678009
"Ji Hwan Bae","PIT","2B",65,56,466.1,70,116,7,3,4,20,7,14,0,,,,,,0.96373057,,"Ji Hwan Bae",23818,678225
"Ji Hwan Bae","PIT","CF",81,50,484.1,142,1,2,2,0,0,1,0,0,,,,,,0.9862069,,"Ji Hwan Bae",23818,678225
"Brayan Bello","BOS","P",84,83,472,51,48,4,2,2,4,0,0,4,,37,,,,0.96116505,,"Brayan Bello",23920,678394
"Curtis Mead","- - -","3B",57,53,448.1,37,82,6,3,3,6,8,0,0,,,,,,0.952,,"Curtis Mead",23986,678554
"Ezequiel Tovar","COL","SS",389,387,3371.1,536,1030,22,8,14,244,125,124,11,,,,,,0.9861461,,"Ezequiel Tovar",24064,678662
"Jhonkensy Noel","CLE","RF",106,68,650,168,6,0,0,0,0,3,0,0,,,,,,1,,"Jhonkensy Noel",24257,678877
"Ceddanne Rafaela","BOS","CF",233,197,1781.1,477,13,8,4,4,0,2,0,0,,,,,,0.98393574,,"Ceddanne Rafaela",24262,678882
"Ceddanne Rafaela","BOS","SS",87,76,692,119,165,10,6,4,37,16,18,4,,,,,,0.96598639,,"Ceddanne Rafaela",24262,678882
"Liover Peguero","PIT","SS",56,46,402.1,58,109,6,4,2,20,9,9,3,,,,,,0.96531792,,"Liover Peguero",24273,678894
"Johan Rojas","PHI","CF",238,189,1714,465,12,6,5,1,0,4,0,0,,,,,,0.98757764,,"Johan Rojas",24336,679032
"Max Schuemann","OAK","3B",54,33,314,25,63,3,2,1,5,5,0,1,,,,,,0.96703297,,"Max Schuemann",24488,680474
"Max Schuemann","OAK","SS",117,98,917,140,251,15,8,7,49,26,22,2,,,,,,0.96305419,,"Max Schuemann",24488,680474
"Addison Barger","TOR","3B",111,83,757.2,73,143,12,6,6,15,14,0,1,,,,,,0.94736842,,"Addison Barger",24598,680718
"Addison Barger","TOR","RF",83,68,580,126,11,3,2,1,0,3,0,0,,,,,,0.97857143,,"Addison Barger",24598,680718
"Steven Kwan","CLE","LF",403,401,3527,834,31,13,1,12,0,7,0,0,,,,,,0.98519362,,"Steven Kwan",24610,680757
"Jarren Duran","BOS","CF",208,173,1561.1,423,11,2,2,0,0,3,0,0,,,,,,0.99541284,,"Jarren Duran",24617,680776
"Jarren Duran","BOS","LF",235,207,1816,372,12,12,8,4,0,0,0,0,,,,,,0.96969697,,"Jarren Duran",24617,680776
"Ryan Jeffers","MIN","C",254,230,2061.1,2079,92,14,4,10,2,5,1,1,,155,38,13,78,0.99359268,,"Ryan Jeffers",24618,680777
"Brendan Donovan","STL","2B",179,162,1422,249,451,7,3,4,82,34,50,5,,,,,,0.99009901,,"Brendan Donovan",24679,680977
"Brendan Donovan","STL","LF",144,123,1101.2,216,7,0,0,0,0,2,0,0,,,,,,1,,"Brendan Donovan",24679,680977
"Jonah Bride","- - -","1B",52,40,370.2,299,30,2,2,0,31,5,0,33,1,,,,,0.9939577,,"Jonah Bride",24703,681146
"Jonah Bride","- - -","3B",63,51,428,44,78,3,1,2,10,11,0,2,,,,,,0.976,,"Jonah Bride",24703,681146
"Logan O'Hoppe","LAA","C",267,260,2289.2,2064,77,13,5,7,1,2,0,4,,167,47,13,113,0.99396472,,"Logan O'Hoppe",24729,681351
"James Outman","- - -","CF",217,178,1606.1,430,5,3,1,2,0,1,0,0,,,,,,0.99315068,,"James Outman",24770,681546
"Andy Pages","LAD","CF",195,181,1531,460,8,8,6,2,0,2,0,0,,,,,,0.98319328,,"Andy Pages",24816,681624
"Andy Pages","LAD","RF",90,43,470.2,121,3,0,0,0,0,2,0,0,,,,,,1,,"Andy Pages",24816,681624
"Daniel Schneemann","CLE","2B",79,60,534.2,90,142,2,0,2,37,12,25,2,,,,,,0.99145299,,"Daniel Schneemann",25180,682177
"Endy Rodríguez","PIT","C",61,53,468.1,447,27,3,1,2,1,0,2,1,,29,11,5,27,0.99371069,,"Endy Rodriguez",25332,682848
"Michael Stefanic","- - -","2B",56,47,395.1,80,101,1,1,0,31,11,20,1,,,,,,0.99450549,,"Michael Stefanic",25353,683021
"Brady Singer","- - -","P",89,89,488.2,33,49,2,1,1,1,1,0,0,,27,,,,0.97619048,,"Brady Singer",25377,663903
"George Kirby","SEA","P",84,84,490.1,40,28,1,0,1,2,2,0,0,,49,,,,0.98550725,,"George Kirby",25436,669923
"Isaac Collins","MIL","LF",104,85,783.1,152,2,4,3,1,0,0,0,0,,,,,,0.97468354,,"Isaac Collins",25477,686555
"Brenton Doyle","COL","CF",389,372,3247,1131,23,7,6,1,0,7,0,0,,,,,,0.99397071,,"Brenton Doyle",25479,686668
"Joey Ortiz","- - -","3B",138,126,1115.1,102,230,10,3,7,23,23,0,1,,,,,,0.97076023,,"Joey Ortiz",25493,687401
"Joey Ortiz","- - -","SS",147,133,1171,167,315,8,4,4,64,36,27,4,,,,,,0.98367347,,"Joey Ortiz",25493,687401
"Korey Lee","CHW","C",150,125,1104,1068,44,8,2,6,1,3,1,1,,101,33,11,46,0.99285714,,"Korey Lee",25543,686676
"Kyle McCann","OAK","C",44,39,324,288,12,4,1,3,0,2,0,0,,34,8,5,7,0.98684211,,"Kyle McCann",25575,668832
"Drew Millas","WSN","C",44,40,348.1,317,16,6,1,5,0,2,0,2,,27,9,1,20,0.98230088,,"Drew Millas",25643,686452
"Will Brennan","CLE","RF",194,157,1407.2,337,11,4,2,2,0,3,0,0,,,,,,0.98863636,,"Will Brennan",25660,686823
"Grant McCray","SFG","CF",38,35,309.1,88,0,2,0,2,0,0,0,0,,,,,,0.97777778,,"Grant McCray",25690,687529
"Bobby Witt Jr.","KCR","SS",447,444,3879,547,1040,37,23,14,197,110,88,11,,,,,,0.97721675,,"Bobby Witt Jr.",25764,677951
"CJ Abrams","WSN","SS",415,410,3565.2,587,1034,57,22,34,220,119,100,15,,,,,,0.96603099,,"CJ Abrams",25768,682928
"Pedro Pagés","STL","C",168,154,1373.1,1193,73,8,4,4,1,3,1,2,,121,36,11,47,0.99372057,,"Pedro Pages",25782,686780
"Blake Sabol","- - -","C",70,57,497.1,485,25,10,7,3,0,1,0,0,,58,8,7,33,0.98076923,,"Blake Sabol",25805,666165
"Jared Triolo","PIT","2B",71,62,541.2,116,169,1,1,0,49,9,40,1,,,,,,0.9965035,,"Jared Triolo",25807,669707
"Jared Triolo","PIT","3B",115,113,988.2,70,206,7,5,2,19,19,0,1,,,,,,0.97526502,,"Jared Triolo",25807,669707
"Jared Triolo","PIT","SS",52,48,422.2,70,118,5,4,1,28,12,15,2,,,,,,0.97409326,,"Jared Triolo",25807,669707
"Shea Langeliers","OAK","C",352,333,2975.1,2767,133,21,3,17,4,7,4,3,,249,83,21,122,0.99281068,,"Shea Langeliers",25816,669127
"Michael Toglia","COL","1B",218,203,1804.1,1742,131,11,7,4,182,26,0,196,26,,,,,0.99416136,,"Michael Toglia",25845,669911
"Corbin Carroll","ARI","CF",129,113,1005,292,4,2,2,0,0,2,0,0,,,,,,0.99328859,,"Corbin Carroll",25878,682998
"Corbin Carroll","ARI","LF",74,53,481.1,97,1,0,0,0,0,0,0,0,,,,,,1,,"Corbin Carroll",25878,682998
"Corbin Carroll","ARI","RF",266,247,2196.1,535,14,2,1,1,0,5,0,0,,,,,,0.99637024,,"Corbin Carroll",25878,682998
"Hunter Brown","HOU","P",90,87,493.1,32,39,2,0,2,1,1,0,0,,56,,,,0.97260274,,"Hunter Brown",25880,686613
"Michael Harris II","ATL","CF",392,387,3417.2,895,10,5,3,2,0,3,0,0,,,,,,0.99450549,,"Michael Harris II",25931,671739
"Kerry Carpenter","DET","RF",179,159,1372.2,316,12,5,4,1,0,1,0,0,,,,,,0.98498498,,"Kerry Carpenter",25961,681481
"Riley Greene","DET","CF",122,109,973.1,240,1,5,4,1,0,1,0,0,,,,,,0.9796748,,"Riley Greene",25976,682985
"Riley Greene","DET","LF",200,188,1646.1,387,6,5,4,1,0,1,0,0,,,,,,0.98743719,,"Riley Greene",25976,682985
"Nasim Nuñez","WSN","SS",48,32,310.1,52,108,4,2,2,23,15,9,2,,,,,,0.97560976,,"Nasim Nunez",25979,683083
"Andre Pallante","STL","P",119,48,339.1,48,45,3,0,3,2,2,0,0,,58,,,,0.96875,,"Andre Pallante",26108,669467
"Francisco Alvarez","NYM","C",266,238,2095.2,2124,94,25,4,18,0,4,1,3,,196,41,25,99,0.98885421,,"Francisco Alvarez",26121,682626
"Brett Baty","NYM","2B",55,45,361,80,89,2,1,1,20,7,13,3,,,,,,0.98830409,,"Brett Baty",26123,683146
"Brett Baty","NYM","3B",224,188,1693.2,146,353,18,7,11,35,39,1,2,,,,,,0.96518375,,"Brett Baty",26123,683146
"Dominic Fletcher","- - -","CF",44,37,330.2,108,2,7,4,3,0,0,0,0,,,,,,0.94017094,,"Dominic Fletcher",26149,666150
"Dominic Fletcher","- - -","RF",58,49,442.1,123,9,0,0,0,0,2,0,0,,,,,,1,,"Dominic Fletcher",26149,666150
"Kyle Stowers","- - -","LF",123,97,853,221,7,1,1,0,0,0,0,0,,,,,,0.99563319,,"Kyle Stowers",26151,669065
"Kyle Stowers","- - -","RF",63,38,355.2,79,1,1,1,0,0,0,0,0,,,,,,0.98765432,,"Kyle Stowers",26151,669065
"Andrew Vaughn","- - -","1B",349,341,2978.2,2317,183,12,7,4,208,14,2,214,29,,,,,0.99522293,,"Andrew Vaughn",26197,683734
"Jake Mangum","TBR","LF",55,41,382,81,2,0,0,0,0,0,0,0,,,,,,1,,"Jake Mangum",26202,663968
"Tyler Fitzgerald","SFG","2B",75,67,599.2,110,179,5,3,2,32,17,16,4,,,,,,0.9829932,,"Tyler Fitzgerald",26208,666149
"Tyler Fitzgerald","SFG","SS",72,67,594,87,166,11,7,4,28,11,18,1,,,,,,0.95833333,,"Tyler Fitzgerald",26208,666149
"Ryan Pepiot","- - -","P",63,58,335,17,25,0,0,0,1,1,0,2,,25,,,,1,,"Ryan Pepiot",26221,686752
"Darell Hernaiz","OAK","SS",41,38,331.1,58,74,2,0,2,13,4,7,2,,,,,,0.98507463,,"Darell Hernaiz",26224,687231
"Ryne Nelson","ARI","P",87,72,431.2,17,34,1,0,1,2,1,0,1,,4,,,,0.98076923,,"Ryne Nelson",26253,669194
"Adley Rutschman","BAL","C",281,265,2355.1,2290,107,12,1,11,1,8,1,3,,175,46,4,79,0.99501868,,"Adley Rutschman",26288,668939
"Gunnar Henderson","BAL","3B",84,68,594.2,43,110,6,2,4,13,14,0,0,,,,,,0.96226415,,"Gunnar Henderson",26289,683002
"Gunnar Henderson","BAL","SS",368,346,3070.2,488,884,41,22,19,153,81,76,12,,,,,,0.97098372,,"Gunnar Henderson",26289,683002
"Bryson Stott","PHI","2B",415,387,3472.1,666,959,12,10,2,184,74,117,10,,,,,,0.99266952,,"Bryson Stott",26294,681082
"Josh Jung","TEX","3B",272,267,2354.1,182,518,13,8,5,43,43,2,2,,,,,,0.98176718,,"Josh Jung",26299,673962
"Michael Busch","- - -","1B",281,247,2201.1,1840,154,8,7,0,151,8,1,154,29,,,,,0.996004,,"Michael Busch",26319,683737
"Spencer Steer","CIN","1B",245,211,1905.2,1484,142,8,6,1,118,13,0,124,25,,,,,0.99510404,,"Spencer Steer",26323,668715
"Spencer Steer","CIN","3B",47,42,350.1,24,59,5,3,2,3,3,0,0,,,,,,0.94318182,,"Spencer Steer",26323,668715
"Spencer Steer","CIN","LF",156,134,1147,256,3,5,3,2,0,0,0,0,,,,,,0.98106061,,"Spencer Steer",26323,668715
"Jonny DeLuca","- - -","CF",70,58,493.1,150,2,0,0,0,0,0,0,0,,,,,,1,,"Jonny DeLuca",26365,676356
"Jonny DeLuca","- - -","RF",64,41,404.1,111,4,2,2,0,0,2,0,0,,,,,,0.98290598,,"Jonny DeLuca",26365,676356
"JJ Bleday","OAK","CF",240,220,1974.2,604,11,8,5,3,0,2,0,0,,,,,,0.98715891,,"JJ Bleday",26368,668709
"JJ Bleday","OAK","LF",50,48,401.2,88,4,3,2,1,0,2,0,0,,,,,,0.96842105,,"JJ Bleday",26368,668709
"Kameron Misner","TBR","CF",53,44,380.2,116,0,3,2,1,0,0,0,0,,,,,,0.97478992,,"Kameron Misner",26374,670224
"Josh Smith","TEX","3B",140,125,1089,96,213,7,2,5,16,17,0,0,,,,,,0.9778481,,"Josh Smith",26396,669701
"Josh Smith","TEX","SS",132,92,897.1,102,225,13,3,10,42,24,15,6,,,,,,0.96176471,,"Josh Smith",26396,669701
"Kyren Paris","LAA","2B",38,34,300.2,44,99,1,0,1,23,10,13,1,,,,,,0.99305556,,"Kyren Paris",26420,677347
"Dominic Canzone","SEA","LF",50,36,313,70,2,1,1,0,0,0,0,0,,,,,,0.98630137,,"Dominic Canzone",26438,686527
"Dominic Canzone","- - -","RF",116,101,874.1,198,5,1,1,0,0,1,0,0,,,,,,0.99509804,,"Dominic Canzone",26438,686527
"Matt Wallner","MIN","LF",67,55,465,103,3,0,0,0,0,1,0,0,,,,,,1,,"Matt Wallner",26466,670242
"Matt Wallner","MIN","RF",142,127,1060,242,6,4,0,4,0,0,0,0,,,,,,0.98412698,,"Matt Wallner",26466,670242
"Luis Matos","SFG","CF",83,72,651.1,144,2,4,2,2,0,1,0,0,,,,,,0.97333333,,"Luis Matos",26467,682641
"Luis Matos","SFG","RF",69,52,474.1,91,2,2,2,0,0,0,0,0,,,,,,0.97894737,,"Luis Matos",26467,682641
"Spencer Horwitz","- - -","1B",136,119,1075.1,859,73,5,4,1,66,8,0,66,13,,,,,0.99466382,,"Spencer Horwitz",26477,687462
"Noelvi Marte","CIN","3B",123,113,989.2,90,164,22,11,10,18,18,1,0,,,,,,0.92028986,,"Noelvi Marte",26517,682622
"Noelvi Marte","CIN","RF",40,35,318.1,67,2,0,0,0,0,1,0,0,,,,,,1,,"Noelvi Marte",26517,682622
"Angel Martínez","CLE","CF",120,96,871,249,5,5,2,3,0,0,0,0,,,,,,0.98069498,,"Angel Martinez",26540,682657
"Agustín Ramírez","MIA","C",65,63,537.2,503,16,10,4,5,0,1,1,0,,78,6,15,30,0.98109641,,"Agustin Ramirez",26546,682663
"Luisangel Acuña","NYM","2B",74,39,413.1,68,114,2,0,2,24,7,17,0,,,,,,0.98913043,,"Luisangel Acuna",26548,682668
"Elly De La Cruz","CIN","SS",371,366,3223,557,814,65,34,31,146,90,62,16,,,,,,0.95473538,,"Elly De La Cruz",26668,682829
"Austin Martin","MIN","CF",51,40,353.2,97,0,1,1,0,0,0,0,0,,,,,,0.98979592,,"Austin Martin",27462,668885
"Austin Martin","MIN","LF",64,41,384.2,82,2,0,0,0,0,0,0,0,,,,,,1,,"Austin Martin",27462,668885
"Garrett Crochet","- - -","P",74,61,344,12,17,2,0,2,1,1,0,0,,32,,,,0.93548387,,"Garrett Crochet",27463,676979
"Dillon Dingler","DET","C",132,124,1109.2,1065,42,5,2,3,2,3,1,0,,62,27,4,27,0.9955036,,"Dillon Dingler",27464,693307
"Spencer Torkelson","DET","1B",374,373,3305.1,2788,237,19,15,3,258,35,3,258,67,,,,,0.99375821,,"Spencer Torkelson",27465,679529
"Tyler Soderstrom","OAK","1B",118,105,913,741,44,7,4,3,77,8,1,71,13,,,,,0.99116162,,"Tyler Soderstrom",27467,691016
"Tyler Soderstrom","ATH","LF",96,89,778.1,200,11,2,2,0,0,2,0,0,,,,,,0.99061033,,"Tyler Soderstrom",27467,691016
"Jordan Walker","STL","RF",236,223,1913,408,12,7,3,4,0,3,0,0,,,,,,0.98360656,,"Jordan Walker",27475,691023
"Patrick Bailey","SFG","C",326,287,2596.1,2559,157,22,5,17,4,11,5,1,,188,75,24,70,0.99196494,,"Patrick Bailey",27478,672275
"Masyn Winn","STL","SS",314,306,2711,408,827,24,11,13,181,91,92,7,,,,,,0.98093725,,"Masyn Winn",27479,691026
"Robert Hassell III","WSN","CF",40,35,312,100,2,1,1,0,0,1,0,0,,,,,,0.99029126,,"Robert Hassell III",27482,690987
"Nick Gonzales","PIT","2B",194,187,1653.2,324,464,15,9,6,106,32,77,9,,,,,,0.98132005,,"Nick Gonzales",27490,693304
"Spencer Strider","ATL","P",54,54,303,14,21,2,0,2,0,0,0,0,,34,,,,0.94594595,,"Spencer Strider",27498,675911
"Ha-Seong Kim","- - -","2B",111,103,899.2,178,284,4,3,1,57,17,44,3,,,,,,0.99141631,,"Ha-Seong Kim",27506,673490
"Ha-Seong Kim","- - -","SS",168,162,1422,186,361,13,6,7,78,45,34,3,,,,,,0.97678571,,"Ha-Seong Kim",27506,673490
"David Hamilton","BOS","2B",106,68,652.1,117,224,7,5,2,40,21,21,0,,,,,,0.97988506,,"David Hamilton",27531,666152
"David Hamilton","BOS","SS",86,66,582.2,86,175,10,5,5,33,18,16,2,,,,,,0.96309963,,"David Hamilton",27531,666152
"Edouard Julien","MIN","2B",190,159,1343.1,193,360,9,4,5,55,25,31,4,,,,,,0.98398577,,"Edouard Julien",27534,666397
"Garrett Mitchell","MIL","CF",85,74,646,198,4,0,0,0,0,1,0,0,,,,,,1,,"Garrett Mitchell",27555,669003
"Austin Wells","NYY","C",238,215,1933.1,1967,64,15,4,8,1,7,2,0,,136,45,9,64,0.99266862,,"Austin Wells",27562,669224
"Casey Schmitt","SFG","2B",79,67,588,102,174,1,0,1,40,20,24,3,,,,,,0.99638989,,"Casey Schmitt",27577,669477
"Casey Schmitt","SFG","3B",69,52,488,24,108,12,5,7,12,12,0,0,,,,,,0.91666667,,"Casey Schmitt",27577,669477
"Casey Schmitt","SFG","SS",53,42,386.1,50,98,3,2,1,26,12,14,0,,,,,,0.98013245,,"Casey Schmitt",27577,669477
"Logan Allen","CLE","P",72,71,367,13,21,3,0,3,0,0,0,0,,11,,,,0.91891892,,"Logan Allen",27589,671106
"Alika Williams","PIT","SS",61,44,403,47,102,5,4,0,22,16,5,1,,,,,,0.96753247,,"Alika Williams",27604,675961
"Alec Burleson","STL","1B",70,53,488.1,471,39,3,2,1,39,3,0,38,5,,,,,0.99415205,,"Alec Burleson",27615,676475
"Alec Burleson","STL","LF",112,101,824,166,8,1,1,0,0,1,0,0,,,,,,0.99428571,,"Alec Burleson",27615,676475
"Alec Burleson","STL","RF",96,83,673.2,155,5,1,0,1,0,2,0,0,,,,,,0.99378882,,"Alec Burleson",27615,676475
"Nick Loftin","KCR","2B",51,39,334.1,58,99,2,1,1,25,12,14,0,,,,,,0.98742138,,"Nick Loftin",27630,679845
"Mitchell Parker","WSN","P",58,58,304.1,2,14,7,4,3,0,0,0,0,,6,,,,0.69565217,,"Mitchell Parker",27636,680730
"Luis L. Ortiz","- - -","P",71,46,311,14,29,10,3,7,2,2,0,0,,23,,,,0.81132075,,"Luis L. Ortiz",27646,682847
"Anthony Volpe","NYY","SS",458,445,3973,561,1006,52,22,30,182,102,75,16,,,,,,0.96788141,,"Anthony Volpe",27647,683011
"Vinnie Pasquantino","KCR","1B",259,258,2223.1,1965,138,6,4,2,179,18,1,184,28,,,,,0.99715505,,"Vinnie Pasquantino",27676,686469
"Michael Massey","KCR","2B",253,224,1971.1,401,572,6,3,3,141,49,93,6,,,,,,0.9938713,,"Michael Massey",27684,686681
"Joey Wiemer","- - -","CF",123,103,929.1,261,5,3,3,0,0,1,0,0,,,,,,0.98884758,,"Joey Wiemer",27690,686894
"Brett Wisely","SFG","2B",103,78,682,106,220,7,4,3,46,23,23,1,,,,,,0.97897898,,"Brett Wisely",27735,689172
"Pete Crow-Armstrong","CHC","CF",270,250,2241,701,13,5,4,1,0,2,0,0,,,,,,0.9930459,,"Pete Crow-Armstrong",27769,691718
"Bryce Elder","ATL","P",66,66,362.1,30,35,0,0,0,7,4,0,3,,34,,,,1,,"Bryce Elder",27779,693821
"Brandon Pfaadt","ARI","P",80,79,430.2,21,28,7,3,3,0,0,0,0,,27,,,,0.875,,"Brandon Pfaadt",27782,694297
"Evan Carter","TEX","CF",66,56,506,135,2,0,0,0,0,0,0,0,,,,,,1,,"Evan Carter",27790,694497
"Evan Carter","TEX","LF",51,44,391.2,86,5,0,0,0,0,1,0,0,,,,,,1,,"Evan Carter",27790,694497
"Jordan Westburg","BAL","2B",118,91,837.2,114,229,3,3,0,36,12,26,2,,,,,,0.99132948,,"Jordan Westburg",27815,676059
"Jordan Westburg","BAL","3B",138,124,1069,77,196,5,2,3,11,11,0,1,,,,,,0.98201439,,"Jordan Westburg",27815,676059
"Matt Mervis","- - -","1B",57,51,426.2,376,21,3,3,0,31,4,0,30,9,,,,,0.9925,,"Matt Mervis",27845,670223
"Thomas Saggese","STL","2B",48,42,369.1,63,122,5,3,2,29,11,19,1,,,,,,0.97368421,,"Thomas Saggese",27883,695336
"Colt Keith","DET","2B",159,146,1271.1,221,363,16,11,5,74,26,48,4,,,,,,0.97333333,,"Colt Keith",27899,690993
"Adael Amador","COL","2B",51,46,394.1,60,114,4,1,3,25,13,12,1,,,,,,0.97752809,,"Adael Amador",27962,691182
"Edgar Quero","CHW","C",67,61,537,499,21,2,1,1,0,2,0,0,,59,13,0,17,0.99616858,,"Edgar Quero",28022,700337
"Jasson Domínguez","NYY","LF",110,103,875,195,3,3,2,1,0,0,0,0,,,,,,0.98507463,,"Jasson Dominguez",28080,691176
"Junior Caminero","TBR","3B",175,174,1497.2,105,267,22,14,8,30,30,0,2,,,,,,0.94416244,,"Junior Caminero",28163,691406
"Coby Mayo","BAL","1B",60,55,483.2,413,24,1,0,1,37,2,0,37,6,,,,,0.99771689,,"Coby Mayo",28312,691723
"Jackson Chourio","MIL","CF",79,78,686.2,175,4,2,2,0,0,0,0,0,,,,,,0.98895028,,"Jackson Chourio",28806,694192
"Jackson Chourio","MIL","LF",121,103,930.1,210,0,0,0,0,0,0,0,0,,,,,,1,,"Jackson Chourio",28806,694192
"Jackson Chourio","MIL","RF",80,68,593.1,151,4,0,0,0,0,0,0,0,,,,,,1,,"Jackson Chourio",28806,694192
"Jackson Merrill","SDP","CF",254,247,2190.2,644,15,4,3,1,0,5,0,0,,,,,,0.99396682,,"Jackson Merrill",29490,701538
"James Wood","WSN","LF",194,194,1693,351,8,6,5,1,0,1,0,0,,,,,,0.98356164,,"James Wood",29518,695578
"Bryce Teodosio","LAA","CF",39,38,312,109,1,0,0,0,0,1,0,0,,,,,,1,,"Bryce Teodosio",29524,669326
"Trey Sweeney","DET","SS",136,112,1006.1,147,281,10,4,6,51,24,27,5,,,,,,0.97716895,,"Trey Sweeney",29575,700242
"Ben Rice","NYY","1B",91,80,669,553,34,5,3,2,41,4,0,37,9,,,,,0.99155405,,"Ben Rice",29576,700250
"Colton Cowser","BAL","CF",87,75,668.1,194,1,0,0,0,0,0,0,0,,,,,,1,,"Colton Cowser",29591,681297
"Colton Cowser","BAL","LF",159,137,1219.2,302,6,2,0,2,0,1,0,0,,,,,,0.99354839,,"Colton Cowser",29591,681297
"Connor Norby","MIA","3B",103,98,874,75,146,15,6,8,12,14,0,2,,,,,,0.93644068,,"Connor Norby",29592,681393
"Henry Davis","PIT","C",110,97,881,854,34,5,3,2,0,4,0,3,,56,19,5,23,0.9944009,,"Henry Davis",29617,680779
"Henry Davis","PIT","RF",49,49,417.1,56,3,4,4,0,0,1,0,0,,,,,,0.93650794,,"Henry Davis",29617,680779
"Sal Frelick","MIL","CF",69,53,435,117,1,0,0,0,0,1,0,0,,,,,,1,,"Sal Frelick",29622,686217
"Sal Frelick","MIL","RF",268,228,2030,492,19,4,2,2,0,3,0,0,,,,,,0.99223301,,"Sal Frelick",29622,686217
"Joey Loperfido","- - -","LF",80,60,519.2,134,3,0,0,0,0,0,0,0,,,,,,1,,"Joey Loperfido",29630,694388
"Caleb Durbin","MIL","3B",117,105,934.1,74,170,5,4,1,13,14,0,2,,,,,,0.97991968,,"Caleb Durbin",29646,702332
"Matt McLain","CIN","2B",160,150,1342.2,218,336,10,8,2,63,23,44,1,,,,,,0.9822695,,"Matt McLain",29695,680574
"Matt McLain","CIN","SS",59,56,503,59,130,2,1,1,25,15,10,1,,,,,,0.9895288,,"Matt McLain",29695,680574
"Colson Montgomery","CHW","SS",44,43,373,73,94,4,3,1,23,8,14,2,,,,,,0.97660819,,"Colson Montgomery",29712,695657
"Hunter Goodman","COL","C",116,105,920,691,39,8,4,3,0,2,0,0,,84,14,9,41,0.98915989,,"Hunter Goodman",29715,696100
"Zack Gelof","OAK","2B",230,227,2009.1,440,526,11,6,5,139,45,88,15,,,,,,0.98874104,,"Zack Gelof",29766,680869
"Brett Harris","OAK","3B",51,42,380,29,79,4,2,2,10,11,0,0,,,,,,0.96428571,,"Brett Harris",29788,695391
"Kyle Manzardo","CLE","1B",51,44,393.2,314,25,4,3,1,27,2,0,29,7,,,,,0.98833819,,"Kyle Manzardo",29794,700932
"Bryce Miller","SEA","P",70,70,381.2,24,25,2,0,2,0,0,0,0,,29,,,,0.96078431,,"Bryce Miller",29837,682243
"Liam Hicks","MIA","C",55,44,387.1,336,13,2,0,2,0,0,0,0,,48,5,3,16,0.99430199,,"Liam Hicks",29844,689414
"Denzel Clarke","ATH","CF",47,44,383.2,173,1,3,3,0,0,0,0,0,,,,,,0.98305085,,"Denzel Clarke",29858,672016
"Andrew Abbott","CIN","P",72,72,399,9,32,0,0,0,0,2,0,0,,28,,,,1,,"Andrew Abbott",29911,671096
"Jacob Young","WSN","CF",282,269,2349,729,10,9,8,1,0,3,0,0,,,,,,0.98796791,,"Jacob Young",29931,696285
"Brady House","WSN","3B",60,58,509.1,33,118,7,5,2,9,9,0,0,,,,,,0.9556962,,"Brady House",29993,691781
"Daylen Lile","WSN","RF",53,51,436.1,105,1,1,1,0,0,0,0,0,,,,,,0.99065421,,"Daylen Lile",29995,695734
"Christian Encarnacion-Strand","CIN","1B",91,86,748.1,573,51,4,1,3,51,10,0,45,4,,,,,0.99363057,,"Christian Encarnacion-Strand",30011,687952
"Seiya Suzuki","CHC","RF",226,223,1960.2,410,7,9,8,1,0,4,0,0,,,,,,0.97887324,,"Seiya Suzuki",30116,673548
"Gavin Williams","CLE","P",60,60,308.2,19,34,1,0,1,1,2,0,0,,16,,,,0.98148148,,"Gavin Williams",30122,668909
"Tanner Bibee","CLE","P",84,84,477,27,47,3,0,3,2,2,0,1,,31,,,,0.96103896,,"Tanner Bibee",30134,676440
"Oscar Colás","CHW","RF",77,64,591.2,145,5,6,4,2,0,2,0,0,,,,,,0.96153846,,"Oscar Colas",30162,693049
"Bryan Woo","SEA","P",68,68,384.2,35,27,2,0,2,3,3,0,0,,16,,,,0.96875,,"Bryan Woo",30279,693433
"Heston Kjerstad","BAL","LF",43,36,305,56,2,0,0,0,0,0,0,0,,,,,,1,,"Heston Kjerstad",31166,677008
"Zach Neto","LAA","SS",363,355,3111,519,936,36,20,16,222,118,104,14,,,,,,0.97585513,,"Zach Neto",31347,687263
"Victor Scott II","STL","CF",168,152,1345.1,386,4,6,5,1,0,3,0,0,,,,,,0.98484848,,"Victor Scott II",31349,687363
"Graham Pauley","- - -","3B",54,49,394.1,45,88,3,1,2,5,5,0,1,,,,,,0.97794118,,"Graham Pauley",31363,688363
"Tyler Locklear","- - -","1B",46,40,368.1,337,19,1,0,1,26,5,0,22,2,,,,,0.99719888,,"Tyler Locklear",31396,682988
"Jordan Beck","COL","LF",161,154,1349.2,301,14,3,3,0,0,3,0,0,,,,,,0.99056604,,"Jordan Beck",31431,687597
"Jace Jung","DET","3B",45,37,319,19,71,5,3,2,5,5,0,0,,,,,,0.94736842,,"Jace Jung",31437,690291
"Drake Baldwin","ATL","C",83,72,641.2,617,27,4,0,4,0,1,0,2,,80,11,3,18,0.99382716,,"Drake Baldwin",31539,686948
"Trey Lipscomb","WSN","3B",56,54,467,28,105,7,3,4,12,12,0,0,,,,,,0.95,,"Trey Lipscomb",31567,702358
"Chase Meidroth","CHW","2B",45,38,320.2,49,81,2,1,1,23,13,10,1,,,,,,0.98484848,,"Chase Meidroth",31580,805367
"Chase Meidroth","CHW","SS",74,62,561,93,134,9,3,6,30,13,17,0,,,,,,0.96186441,,"Chase Meidroth",31580,805367
"Brooks Lee","MIN","2B",48,36,319,43,83,6,4,2,12,5,7,0,,,,,,0.95454545,,"Brooks Lee",31595,686797
"Brooks Lee","MIN","3B",56,42,381.2,39,57,0,0,0,3,3,0,0,,,,,,1,,"Brooks Lee",31595,686797
"Brooks Lee","MIN","SS",90,73,677.1,101,153,7,5,2,29,16,13,1,,,,,,0.97318008,,"Brooks Lee",31595,686797
"Cole Young","SEA","2B",68,66,592,88,152,4,1,3,26,10,16,2,,,,,,0.98360656,,"Cole Young",31680,702284
"Nacho Alvarez Jr.","ATL","3B",44,43,379.1,27,72,2,0,2,6,6,0,2,,,,,,0.98019802,,"Nacho Alvarez Jr.",31765,805373
"Jackson Holliday","BAL","2B",181,174,1541.2,249,433,13,10,3,88,38,53,3,,,,,,0.98129496,,"Jackson Holliday",31781,702616
"Masataka Yoshida","BOS","LF",92,87,738.1,129,5,3,1,2,0,1,0,0,,,,,,0.97810219,,"Masataka Yoshida",31837,807799
"Chandler Simpson","TBR","CF",49,42,380.1,98,2,0,0,0,0,1,0,0,,,,,,1,,"Chandler Simpson",31912,802415
"Chandler Simpson","TBR","LF",47,44,376.2,68,3,1,0,1,0,0,0,0,,,,,,0.98611111,,"Chandler Simpson",31912,802415
"Nolan Schanuel","LAA","1B",296,287,2525.1,2141,148,15,8,7,251,21,2,251,33,,,,,0.99348958,,"Nolan Schanuel",33189,694384
"Ben Williamson","SEA","3B",85,79,703,62,137,3,2,1,9,9,0,0,,,,,,0.98514851,,"Ben Williamson",33197,810938
"Jacob Wilson","OAK","SS",137,137,1170.1,148,281,8,6,2,54,31,23,2,,,,,,0.98169336,,"Jacob Wilson",33266,805779
"Matt Shaw","CHC","3B",110,100,887,73,192,6,4,2,17,17,0,1,,,,,,0.97785978,,"Matt Shaw",33322,807713
"Wyatt Langford","TEX","CF",55,46,389.1,137,1,0,0,0,0,0,0,0,,,,,,1,,"Wyatt Langford",33333,694671
"Wyatt Langford","TEX","LF",203,188,1634,358,11,4,3,1,0,1,0,0,,,,,,0.98927614,,"Wyatt Langford",33333,694671
"Dylan Crews","WSN","RF",86,81,708.2,176,3,4,3,1,0,0,0,0,,,,,,0.97814208,,"Dylan Crews",33541,686611
"Kyle Teel","CHW","C",50,47,412.2,391,20,5,4,1,0,2,0,0,,38,7,6,13,0.98798077,,"Kyle Teel",33549,691019
"Kristian Campbell","BOS","2B",59,54,471.2,88,127,7,4,3,24,9,16,2,,,,,,0.96846847,,"Kristian Campbell",33644,692225
"Paul Skenes","PIT","P",53,53,311,16,28,4,1,3,1,1,0,0,,10,,,,0.91666667,,"Paul Skenes",33677,694973
"Jung Hoo Lee","SFG","CF",172,168,1477.1,369,8,2,1,1,0,2,0,0,,,,,,0.99472296,,"Jung Hoo Lee",33824,808982
"Shota Imanaga","CHC","P",51,51,302.1,9,20,1,0,1,1,0,0,1,,5,,,,0.96666667,,"Shota Imanaga",33829,684007
"Jac Caglianone","KCR","RF",40,40,315.1,70,1,1,1,0,0,0,0,0,,,,,,0.98611111,,"Jac Caglianone",35041,695506
"Cam Smith","HOU","RF",123,117,1027.1,237,6,2,1,0,0,0,0,0,,,,,,0.99183673,,"Cam Smith",35108,701358
"Nick Kurtz","ATH","1B",97,96,840.1,647,33,9,5,3,54,5,0,57,9,,,,,0.98693759,,"Nick Kurtz",35110,701762