,PA,AB,H,1B,2B,3B,HR,BB,SO,R,RBI
Miguel Sanó,63,56,12,6,3,0,3,7,10,0,293
Jake Lamb,63,58,18,12,3,0,3,5,2,0,9
Logan O'Hoppe,63,55,14,6,4,1,3,8,10,0,107
Mike Trout,63,59,21,12,8,0,1,4,9,0,70
Taylor Ward,63,54,17,9,3,1,4,9,6,0,87
Joey Gallo,63,55,13,9,1,0,3,8,8,0,11
Carter Jensen,76,72,21,13,2,0,6,4,7,0,11
MJ Melendez,76,65,12,8,2,0,2,11,11,0,272
Bobby Witt Jr.,76,70,16,10,1,0,5,6,9,0,164
Luke Williams,76,69,12,11,1,0,0,7,9,0,81
Jac Caglianone,76,66,15,9,4,1,1,10,11,0,3
Niko Kavadas,63,55,13,11,2,0,0,8,7,0,4
Jesús Sánchez,63,60,17,6,5,1,5,3,10,0,306
Jo Adell,62,57,12,5,2,0,5,5,10,0,239
Zach Neto,62,58,16,11,4,0,1,4,5,0,200
Mike Yastrzemski,62,50,15,8,3,1,3,12,7,0,204
Yoán Moncada,62,55,15,9,4,0,2,7,6,0,38
Matthew Lugo,62,59,20,15,2,0,3,3,8,0,197
Romy Gonzalez,76,69,17,11,2,2,2,7,5,0,322
Salvador Perez,76,73,20,18,0,0,2,3,5,0,7
Vinnie Pasquantino,76,69,26,16,6,0,4,7,9,0,10
Nick Pratto,76,72,24,17,6,0,1,4,15,0,4
Brandon Drury,62,58,19,13,4,0,2,4,8,0,8
Kyren Paris,62,58,14,10,2,0,2,4,13,0,181
Joey Wendle,62,57,21,17,4,0,0,5,8,0,3
Chad Wallach,62,59,13,7,4,0,2,3,10,0,10
Joey Bart,62,55,13,8,0,0,5,7,7,0,8
Maikel Garcia,76,71,19,12,1,2,4,5,8,0,47
Jackie Bradley Jr.,76,70,17,10,4,2,1,6,8,0,14
Tyler Tolbert,76,70,16,9,6,0,1,6,7,0,62
John Rave,76,69,20,12,5,0,3,7,8,0,339
Will Wagner,62,55,12,9,2,0,1,7,6,0,145
Anthony Rendon,62,56,21,16,3,1,1,6,7,0,254
Brett Phillips,62,60,24,13,6,1,4,2,12,0,216
Luis Rengifo,62,54,18,13,2,0,3,8,5,0,248
Christian Moore,62,55,11,9,0,1,1,7,11,0,5
Dairon Blanco,76,68,22,13,7,0,2,8,13,0,500
Michael Massey,76,73,15,10,4,0,1,3,12,0,5
Kyle Isbel,76,68,12,9,2,0,1,8,9,0,5
Cedric Mullins,62,55,16,7,5,1,3,7,5,0,10
Nick Gordon,62,59,19,13,4,0,2,3,4,0,10
Nolan Schanuel,62,56,13,12,1,0,0,6,12,0,2
Drew Waters,75,68,14,6,6,0,2,7,14,0,51
Franmil Reyes,75,70,19,10,3,1,5,5,12,0,205
Nick Fortes,75,69,12,7,3,1,1,6,11,0,2
Whit Merrifield,62,55,17,8,6,2,1,7,8,0,269
Reese McGuire,62,59,22,18,1,0,3,3,4,0,10
Raimel Tapia,62,57,19,13,6,0,0,5,12,0,61
Bryce Teodosio,62,58,15,10,2,0,3,4,6,0,9
Gustavo Campero,62,59,15,9,2,0,4,3,8,0,10
Bryce Johnson,62,54,12,6,3,0,3,8,13,0,268
Tyler Heineman,62,61,18,12,2,0,4,1,8,0,11
Esteury Ruiz,62,56,11,6,4,0,1,6,5,0,90
Hunter Dozier,75,73,16,10,4,0,2,2,11,0,207
Nick Loftin,75,70,18,11,6,1,0,5,9,0,4
José Barrero,75,66,17,15,2,0,0,9,6,0,3
Jace Peterson,75,66,12,7,4,0,1,9,9,0,173
Bligh Madris,75,74,14,7,4,1,2,1,11,0,212
Andrew Velazquez,62,58,18,7,7,1,3,4,3,0,495
Jack López,62,59,17,11,3,1,2,3,5,0,85
Hunter Feduccia,75,69,15,12,3,0,0,6,8,0,6
Brett Wisely,75,70,22,15,5,0,2,5,6,0,5
Omar Narváez,75,65,13,10,3,0,0,10,4,0,151
Kolten Wong,75,68,15,12,2,0,1,7,8,0,105
Maximo Acosta,98,87,22,17,2,0,3,11,12,0,9
Darin Ruf,98,89,23,17,6,0,0,9,16,0,64
Avisaíl García,98,86,21,12,3,3,3,12,10,0,14
Heriberto Hernández,98,93,25,11,5,1,8,5,21,0,21
Dane Myers,98,91,20,17,2,0,1,7,11,0,458
Max Kepler,98,89,23,14,4,0,5,9,15,0,204
Agustín Ramírez,98,88,23,13,2,1,7,10,8,0,34
Jakob Marsee,97,87,19,13,3,0,3,10,9,0,365
Luis Torrens,97,88,24,12,9,2,1,9,6,0,8
Javier Sanoja,97,91,19,13,1,1,4,6,9,0,260
Griffin Conine,97,89,22,19,2,0,1,8,9,0,146
Kyle Farmer,97,89,22,14,6,1,1,8,12,0,5
Troy Johnston,97,86,33,20,9,1,3,11,17,0,340
Jonathan India,97,93,18,15,1,1,1,4,19,0,4
Otto Lopez,97,85,21,12,5,0,4,12,5,0,14
Jean Segura,97,93,18,13,4,0,1,4,13,0,423
Austin Hedges,97,89,22,19,1,0,2,8,12,0,6
Dylan Carlson,97,92,22,15,4,0,3,5,22,0,204
Liam Hicks,97,86,19,13,2,1,3,11,12,0,491
Xavier Edwards,97,90,24,17,5,1,1,7,2,0,10
Jonathan Davis,97,84,20,13,3,0,4,13,8,0,285
Rafael Ortega,97,90,19,14,3,1,1,7,15,0,34
Aaron Judge,103,95,34,16,7,1,10,8,11,0,269
Giancarlo Stanton,102,93,23,14,1,0,8,9,17,0,16
Shohei Ohtani,102,94,28,18,1,0,9,8,14,0,37
Ben Rice,102,94,31,18,5,1,7,8,12,0,95
Jasson Domínguez,102,85,24,12,7,1,4,17,9,0,182
Franchy Cordero,102,97,24,10,6,1,7,5,17,0,16
J.C. Escarra,102,89,29,20,4,1,4,13,8,0,172
Austin Wells,102,98,21,14,2,0,5,4,8,0,222
DJ LeMahieu,102,95,28,18,6,0,4,7,17,0,667
Kevin Pillar,102,95,25,16,4,1,4,7,13,0,16
Jake Cave,102,92,14,9,2,0,3,10,17,0,163
Anthony Volpe,102,96,25,20,4,0,1,6,11,0,2
Miles Mastrobuoni,102,98,23,17,4,1,1,4,17,0,63
David Hensley,102,91,23,18,2,0,3,11,25,0,238
Jeimer Candelario,102,97,23,17,3,1,2,5,17,0,226
Anthony Rizzo,102,92,18,12,2,1,3,10,16,0,256
Jacob Amaya,102,96,15,11,4,0,0,6,16,0,89
Oswaldo Cabrera,102,92,15,11,2,0,2,10,14,0,155
Mickey Gasper,102,91,18,15,1,0,2,11,13,0,350
Sam Haggerty,102,91,27,21,4,0,2,11,9,0,67
Jorbit Vivas,102,96,20,13,6,0,1,6,8,0,213
Sal Stewart,68,62,21,12,2,0,7,6,7,0,74
Rece Hinds,68,63,16,7,2,0,7,5,9,0,113
Will Benson,68,62,16,12,1,0,3,6,11,0,61
Elly De La Cruz,68,64,19,11,3,0,5,4,16,0,307
Austin Hays,68,61,9,6,1,0,2,7,9,0,3
Alfonso Rivas III,68,63,13,9,2,1,1,5,10,0,175
Tyler Stephenson,67,63,17,12,2,0,3,4,11,0,107
Garrett Cooper,67,64,19,12,2,0,5,3,10,0,207
J.D. Davis,67,64,10,6,1,0,3,3,6,0,5
Matt McLain,67,62,16,9,2,0,5,5,15,0,8
Josh Naylor,67,64,13,8,0,0,5,3,6,0,27
Trent Grisham,67,63,15,8,3,1,3,4,9,0,136
Cristian Pache,67,63,10,7,3,0,0,4,10,0,136
Alexander Canario,67,61,15,11,1,0,3,6,13,0,90
Joey Votto,67,56,13,6,3,0,4,11,9,0,8
Brian Anderson,67,61,18,16,1,0,1,6,11,0,6
Victor Caratini,67,55,12,6,4,0,2,12,5,0,8
Spencer Steer,67,61,15,9,2,2,2,6,6,0,7
Noelvi Marte,67,58,18,12,4,0,2,9,7,0,273
Willi Castro,67,60,13,7,3,0,3,7,9,0,130
Ali Sánchez,67,65,14,13,0,1,0,2,7,0,523
Christian Encarnacion-Strand,67,63,19,11,5,1,2,4,11,0,79
Jesse Winker,67,60,21,15,5,1,0,7,5,0,8
Wil Myers,67,62,9,7,1,0,1,5,13,0,3
Ben Gamel,67,59,12,6,3,2,1,8,10,0,17
Nate Eaton,67,61,16,13,1,1,1,6,9,0,38
TJ Friedl,67,63,19,12,4,0,3,4,9,0,346
Garrett Hampson,67,61,12,11,1,0,0,6,9,0,209
Blake Dunn,67,63,20,16,0,0,4,4,11,0,7
Henry Ramos,67,63,6,5,1,0,0,4,10,0,37
Mason McCoy,67,60,19,13,4,1,1,7,6,0,8
Jacob Hurtubise,67,57,18,12,5,0,1,10,6,0,7
Corey Seager,83,71,18,8,5,0,5,12,7,0,170
Adolis García,83,75,29,14,6,1,8,8,12,0,25
Joc Pederson,83,74,19,10,4,0,5,9,16,0,333
Josh Jung,83,70,14,10,2,0,2,13,4,0,6
Connor Norby,83,80,22,12,5,1,4,3,7,0,10
Wyatt Langford,83,75,19,12,3,0,4,8,14,0,285
Joey Wiemer,83,75,21,16,2,0,3,8,11,0,31
Justin Foscue,82,77,21,18,2,0,1,5,9,0,8
Marcus Semien,82,74,25,20,2,0,3,8,7,0,126
Michael A. Taylor,82,74,26,17,3,1,5,8,14,0,208
Jonah Heim,82,73,16,12,2,0,2,9,12,0,134
Hunter Renfroe,82,74,18,10,2,2,4,8,10,0,74
Carlos Santana,82,76,23,13,7,0,3,6,4,0,261
Jacob Stallings,82,78,21,15,2,0,4,4,7,0,6
Brad Miller,82,73,17,10,4,0,3,9,9,0,158
Josh Smith,82,71,16,11,0,2,3,11,6,0,7
Zack Short,82,73,17,11,5,0,1,9,15,0,216
Ezequiel Duran,82,76,21,11,5,1,4,6,6,0,430
Yuli Gurriel,82,78,17,14,2,0,1,4,6,0,3
Evan Carter,82,74,22,12,4,3,3,8,8,0,93
Dustin Harris,82,74,17,14,1,0,2,8,5,0,180
Kevin Kiermaier,82,77,22,15,3,0,4,5,12,0,195
Jhonny Pereda,82,76,15,12,3,0,0,6,17,0,300
Alejandro Osuna,82,76,19,12,7,0,0,6,10,0,111
Cody Freeman,82,75,24,15,4,0,5,7,5,0,359
Michael Siani,82,75,19,14,5,0,0,7,17,0,5
Conner Capel,82,77,16,10,6,0,0,5,7,0,31
Dalton Rushing,131,120,31,16,7,3,5,11,22,0,130
Max Muncy,198,175,41,21,7,2,11,23,33,0,23
Freddie Freeman,131,118,37,18,12,1,6,13,13,0,120
Will Smith,131,121,38,25,5,2,6,10,16,0,18
Mitch Haniger,131,120,26,16,4,0,6,11,19,0,28
Mookie Betts,131,119,31,19,6,2,4,12,16,0,425
Jake Bauers,131,117,35,18,7,1,9,14,19,0,480
Ramón Laureano,131,124,40,22,5,1,12,7,17,0,496
Andy Pages,131,116,32,23,5,0,4,15,14,0,208
Alex Freeland,131,109,36,18,8,0,10,22,18,0,815
Tyler Freeman,131,120,35,23,5,2,5,11,12,0,57
Miguel Rojas,131,121,29,16,9,0,4,10,12,0,182
Cavan Biggio,131,110,30,17,6,1,6,21,14,0,135
Brandon Lockridge,131,119,25,22,3,0,0,12,19,0,327
Austin Barnes,131,122,27,20,6,0,1,9,15,0,523
Alan Roden,130,119,22,16,4,0,2,11,17,0,225
Hyeseong Kim,130,124,34,20,4,0,10,6,20,0,171
Roman Anthony,97,87,20,14,3,0,3,10,15,0,190
Ji Man Choi,97,88,27,13,6,1,7,9,10,0,291
Yu Chang,97,91,31,17,6,1,7,6,6,0,151
Wilyer Abreu,97,88,22,11,6,0,5,9,10,0,185
Trevor Story,97,92,20,9,7,1,3,5,9,0,11
Carlos Correa,97,85,25,15,4,0,6,12,13,0,236
Jarren Duran,97,91,21,11,5,1,4,6,13,0,9
Jordan Luplow,97,86,25,18,2,1,4,11,18,0,73
Triston Casas,97,80,25,15,4,0,6,17,16,0,35
AJ Pollock,97,90,17,12,3,0,2,7,13,0,207
Jose Siri,97,91,23,7,3,0,13,6,17,0,489
Kristian Campbell,97,85,24,17,2,0,5,12,13,0,458
Rob Refsnyder,96,83,15,9,3,1,2,13,17,0,245
Jorge Alfaro,96,90,26,18,4,0,4,6,10,0,37
Masataka Yoshida,96,92,26,17,8,0,1,4,14,0,211
Christian Arroyo,96,94,28,17,3,1,7,2,9,0,375
Connor Wong,96,90,22,11,6,0,5,6,15,0,155
Mark Canha,96,82,21,14,4,0,3,14,9,0,93
Marcelo Mayer,96,92,24,18,4,0,2,4,15,0,340
Nick Sogard,96,88,29,23,6,0,0,8,12,0,184
Ceddanne Rafaela,96,92,27,18,4,0,5,4,15,0,21
David Hamilton,96,87,20,11,2,0,7,9,14,0,166
Juan Yepez,96,88,28,18,8,0,2,8,4,0,269
Ronald Acuña Jr.,159,140,34,17,8,1,8,19,11,0,142
J.D. Martinez,159,151,46,32,7,1,6,8,20,0,411
Austin Riley,159,143,47,27,8,1,11,16,19,0,173
Kyle Stowers,159,152,44,29,8,0,7,7,19,0,178
Matt Olson,159,146,46,26,6,0,14,13,20,0,260
Marcell Ozuna,159,143,42,21,7,1,13,16,18,0,28
Sean Murphy,159,134,40,26,4,2,8,25,18,0,265
Mickey Moniak,159,151,32,22,4,2,4,8,22,0,256
Michael Harris II,159,147,38,20,11,1,6,12,21,0,370
Drake Baldwin,159,148,41,21,9,2,9,11,16,0,23
Eli White,158,148,40,19,12,2,7,10,32,0,780
Ozzie Albies,158,148,35,19,7,0,9,10,16,0,897
Orlando Arcia,158,147,30,15,6,1,8,11,20,0,195
Nacho Alvarez Jr.,158,139,31,24,3,1,3,19,18,0,434
Nick Kurtz,68,60,21,11,2,0,8,8,10,0,175
Tyler Soderstrom,68,66,17,9,5,0,3,2,5,0,8
Cooper Hummel,68,62,12,7,2,0,3,6,17,0,195
Blaine Crim,68,60,22,7,6,1,8,8,7,0,157
Carlos Pérez,155,143,40,26,9,1,4,12,14,0,108
Brent Rooker,68,59,15,10,2,1,2,9,10,0,34
Shea Langeliers,68,62,19,12,2,0,5,6,5,0,277
Seth Brown,68,60,20,16,0,0,4,8,10,0,267
Daz Cameron,68,61,16,7,3,1,5,7,10,0,9
Lawrence Butler,68,63,15,12,2,0,1,5,7,0,5
Carlos Cortes,68,62,14,9,2,1,2,6,5,0,123
JJ Bleday,68,63,11,9,1,0,1,5,13,0,44
Kyle McCann,67,57,20,11,3,0,6,10,6,0,240
Zack Gelof,67,64,15,8,3,0,4,3,15,0,300
Denzel Clarke,67,63,16,12,2,0,2,4,9,0,91
Willie MacIver,67,64,13,12,1,0,0,3,10,0,420
Jordan Diaz,67,60,22,15,5,0,2,7,4,0,48
Thairo Estrada,67,60,19,12,6,0,1,7,8,0,185
Brett Harris,67,60,14,9,2,0,3,7,9,0,8
Colby Thomas,67,63,12,6,2,0,4,4,9,0,10
Tomás Nido,67,64,22,16,3,0,3,3,7,0,28
Aaron Hicks,67,62,17,10,4,0,3,5,15,0,6
Nick Martini,67,61,17,10,4,1,2,6,4,0,267
Matt Duffy,67,66,17,12,3,1,1,1,9,0,6
Cole Tucker,67,60,13,9,4,0,0,7,10,0,4
Max Schuemann,67,61,13,10,1,1,1,6,12,0,106
Darell Hernaiz,67,64,16,12,3,0,1,3,3,0,108
Kevin Newman,67,62,17,12,5,0,0,5,8,0,248
Jesús Aguilar,67,59,14,8,3,0,3,8,7,0,227
Jacob Wilson,67,60,11,7,1,0,3,7,8,0,9
Braden Shewmake,67,66,16,13,2,1,0,1,11,0,144
José Azocar,67,63,17,11,5,0,1,4,6,0,9
Kyle Schwarber,99,83,32,19,5,0,8,16,12,0,273
Otto Kemp,99,88,26,19,3,1,3,11,17,0,717
Bryce Harper,99,88,25,16,4,2,3,11,9,0,314
Weston Wilson,98,84,20,12,4,0,4,14,16,0,244
Jake Burger,98,89,24,15,2,0,7,9,9,0,20
Brandon Marsh,98,88,29,17,7,2,3,10,9,0,388
Ryan Noda,98,85,26,16,5,0,5,13,15,0,11
Alec Bohm,98,89,31,17,6,0,8,9,10,0,192
Trayce Thompson,98,91,31,18,4,0,9,7,15,0,260
Trea Turner,98,88,30,18,5,1,6,10,5,0,16
Nick Castellanos,98,91,33,22,5,2,4,7,9,0,16
J.T. Realmuto,98,86,20,12,4,1,3,12,9,0,195
Edmundo Sosa,98,93,21,17,2,0,2,5,11,0,9
Bryson Stott,98,90,19,12,4,0,3,8,8,0,184
Brandon Crawford,98,90,18,12,5,0,1,8,12,0,7
Jason Vosler,98,93,25,15,5,0,5,5,8,0,527
Darick Hall,98,92,20,14,4,0,2,6,8,0,103
Josh Harrison,98,93,13,12,0,1,0,5,12,0,215
Rafael Marchán,98,87,22,14,5,0,3,11,13,0,366
Abraham Toro,98,89,25,15,5,0,5,9,12,0,13
Johan Rojas,98,94,25,20,4,0,1,4,11,0,146
Garrett Stubbs,98,90,21,12,8,0,1,8,9,0,43
Forrest Wall,98,88,20,13,4,0,3,10,15,0,257
Yordan Alvarez,78,71,17,9,3,2,3,7,11,0,165
Juan Soto,78,70,26,11,5,0,10,8,9,0,23
Sam Huff,78,70,17,9,2,0,6,8,13,0,10
Jacob Melton,78,69,14,13,1,0,0,9,12,0,337
Shay Whitcomb,78,73,16,13,2,1,0,5,11,0,1
Adam Duvall,78,72,20,11,4,0,5,6,11,0,43
Michael Brantley,78,71,21,13,3,0,5,7,9,0,9
Yainer Diaz,78,69,18,14,3,0,1,9,6,0,318
Eddie Rosario,78,75,27,15,6,1,5,3,10,0,290
Jorge Polanco,78,72,21,13,5,0,3,6,14,0,9
Rowdy Tellez,78,68,17,8,5,0,4,10,9,0,192
Travis d'Arnaud,78,74,23,15,5,1,2,4,9,0,126
Zach Cole,78,64,24,13,5,0,6,14,8,0,279
Jake Meyers,78,71,17,11,2,0,4,7,12,0,10
Chas McCormick,78,72,20,10,5,0,5,6,6,0,14
Tyrone Taylor,78,71,19,14,4,0,1,7,7,0,244
Jeremy Peña,78,75,17,12,1,1,3,3,13,0,184
Jonatan Clase,77,68,22,12,6,1,3,9,9,0,244
Jonah Bride,77,70,19,11,4,0,4,7,13,0,234
Zach Dezenzo,77,72,23,15,3,1,4,5,13,0,270
Grae Kessinger,77,68,11,7,1,0,3,9,17,0,7
Jose Altuve,77,73,16,8,5,1,2,4,14,0,216
Josh Rojas,77,70,24,19,2,0,3,7,7,0,120
Ryan McKenna,77,69,19,9,7,0,3,8,6,0,274
Cam Smith,77,72,24,11,5,0,8,5,8,0,148
José Abreu,77,69,18,11,4,1,2,8,7,0,177
Mauricio Dubón,77,75,19,16,1,0,2,2,3,0,3
Carter Kieboom,77,68,17,8,1,0,8,9,12,0,290
César Salazar,77,73,17,12,5,0,0,4,6,0,288
Luken Baker,89,86,23,16,4,2,1,3,16,0,7
Willson Contreras,89,83,30,14,10,0,6,6,10,0,23
Teoscar Hernández,89,82,22,11,6,0,5,7,11,0,13
Sam Hilliard,88,83,21,8,3,0,10,5,19,0,197
Iván Herrera,88,85,20,15,3,0,2,3,10,0,6
Lars Nootbaar,88,80,20,16,3,0,1,8,14,0,6
Christian Walker,88,79,18,10,2,0,6,9,11,0,225
Jordan Walker,88,80,17,11,3,0,3,8,15,0,10
Nolan Gorman,88,79,22,11,5,0,6,9,8,0,10
Michael Busch,88,85,27,14,5,1,7,3,13,0,63
Lane Thomas,88,80,23,12,4,2,5,8,16,0,270
Luke Raley,88,80,25,14,4,0,7,8,15,0,315
Taylor Motter,88,82,25,19,4,1,1,6,13,0,155
Brendan Donovan,88,82,23,17,2,0,4,6,9,0,378
Alec Burleson,88,82,12,7,5,0,0,6,14,0,3
Nolan Arenado,88,85,18,14,2,0,2,3,5,0,193
Thomas Saggese,88,84,26,16,8,0,2,4,12,0,135
Pedro Pagés,88,75,20,15,2,0,3,13,11,0,309
Masyn Winn,88,80,19,14,3,0,2,8,6,0,8
Yohel Pozo,88,81,20,14,5,0,1,7,5,0,387
Nathan Church,88,83,23,16,5,0,2,5,11,0,9
Richie Palacios,88,78,16,12,1,0,3,10,14,0,351
José Fermín,88,82,14,6,8,0,0,6,6,0,427
Danny Mendick,88,80,23,16,5,0,2,8,7,0,128
Victor Scott II,88,79,20,14,3,0,3,9,9,0,8
Jerar Encarnacion,57,52,17,13,1,0,3,5,3,0,7
Grant McCray,57,52,10,6,0,1,3,5,7,0,6
Heliot Ramos,57,50,13,6,1,1,5,7,6,0,125
Marco Luciano,57,47,11,8,3,0,0,10,6,0,2
Jazz Chisholm Jr.,57,54,12,6,2,0,4,3,6,0,166
Nathaniel Lowe,57,49,13,7,3,0,3,8,5,0,427
Tommy Edman,57,52,13,9,2,1,1,5,5,0,3
Mike Moustakas,56,54,15,7,4,0,4,2,10,0,9
Jurickson Profar,56,50,13,8,5,0,0,6,3,0,477
Nelson Velázquez,56,50,18,9,3,1,5,6,4,0,14
Casey Schmitt,56,54,24,16,5,0,3,2,3,0,8
Christian Bethancourt,56,49,9,8,0,0,1,7,7,0,2
Elias Díaz,56,53,17,13,3,0,1,3,7,0,6
Patrick Bailey,56,51,9,7,1,0,1,5,7,0,4
Chris Taylor,56,52,16,9,2,0,5,4,8,0,259
Alex Jackson,56,52,14,10,0,1,3,4,9,0,9
Luis Vázquez,56,53,11,7,1,0,3,3,14,0,550
Oswald Peraza,56,49,11,8,1,0,2,7,11,0,5
Gavin Lux,56,50,17,13,2,0,2,6,6,0,3
Ramón Urías,56,48,12,8,2,0,2,8,5,0,4
Miguel Vargas,56,48,15,10,4,0,1,8,5,0,6
Owen Miller,56,52,17,12,5,0,0,4,5,0,4
Enmanuel Valdez,56,52,10,9,0,0,1,4,9,0,4
Jordyn Adams,56,50,13,12,1,0,0,6,10,0,278
David Villar,56,48,9,6,0,1,2,8,8,0,4
Luis Matos,56,51,7,4,3,0,0,5,5,0,232
Drew Gilbert,56,53,15,6,4,1,4,3,3,0,447
Christian Koss,56,51,10,6,3,0,1,5,5,0,5
Wilmer Flores,56,51,15,11,2,0,2,5,10,0,82
Ha-Seong Kim,56,51,14,12,2,0,0,5,6,0,66
Miguel Andujar,56,49,17,12,2,1,2,7,4,0,96
Jung Hoo Lee,56,55,17,11,3,0,3,1,6,0,55
Rodolfo Castro,56,48,15,10,1,0,4,8,6,0,9
Jonny DeLuca,56,52,20,16,0,0,4,4,5,0,9
Jon Singleton,56,52,13,8,5,0,0,4,8,0,7
Tyler Fitzgerald,56,51,14,7,3,0,4,5,4,0,214
Jose Iglesias,56,51,15,10,4,0,1,5,8,0,235
Nick Allen,56,50,15,7,6,0,2,6,7,0,19
Brett Sullivan,56,50,12,10,1,1,0,6,4,0,1
Will Robertson,56,50,18,14,4,0,0,6,7,0,334
Wade Meckler,56,46,20,16,4,0,0,10,6,0,9
Stone Garrett,60,50,14,11,2,0,1,10,8,0,8
Tyler Locklear,60,51,11,4,3,0,4,9,11,0,14
James Wood,60,52,14,11,2,0,1,8,8,0,425
Brady House,60,57,16,12,2,1,1,3,8,0,72
Riley Adams,60,52,15,12,1,0,2,8,3,0,66
Dylan Crews,60,56,10,8,0,0,2,4,5,0,67
Andrew Vaughn,60,53,14,7,3,0,4,7,11,0,7
Luis García Jr.,60,57,14,10,3,0,1,3,7,0,68
LaMonte Wade Jr.,60,55,11,8,0,0,3,5,10,0,201
Joey Meneses,60,55,24,19,4,0,1,5,1,0,138
Daylen Lile,60,58,23,12,6,0,5,2,7,0,14
Austin Slater,60,57,15,7,4,1,3,3,8,0,9
Enrique Hernández,60,53,14,9,3,0,2,7,4,0,5
Robert Hassell III,60,53,15,8,5,0,2,7,4,0,5
CJ Abrams,60,53,11,8,3,0,0,7,4,0,2
Corey Dickerson,60,58,14,10,3,1,0,2,10,0,5
Andrés Chaparro,60,55,13,7,1,2,3,5,7,0,8
Stuart Fairchild,60,52,15,10,3,0,2,8,7,0,6
Jake Alu,60,53,15,13,1,1,0,7,8,0,16
Andrew Knizner,60,53,16,12,2,0,2,7,5,0,56
Luis Urías,60,55,5,1,3,0,1,5,10,0,3
Tyler Nevin,60,56,14,10,3,0,1,4,7,0,176
Keibert Ruiz,60,58,15,12,1,0,2,2,4,0,179
Drew Millas,60,55,12,9,1,1,1,5,7,0,5
José Caballero,60,57,18,15,3,0,0,3,11,0,4
Michael Chavis,60,52,13,5,5,0,3,8,7,0,8
Vaughn Grissom,60,55,13,10,3,0,0,5,7,0,101
Curt Casali,60,57,11,8,2,0,1,3,8,0,355
Jacob Young,60,54,11,8,1,1,1,6,8,0,185
Myles Straw,60,58,17,11,6,0,0,2,8,0,305
Trey Lipscomb,60,57,13,9,3,1,0,3,4,0,6
Nasim Nuñez,59,53,11,9,1,0,1,6,7,0,3
Luis Guillorme,59,53,10,8,2,0,0,6,6,0,147
Travis Blankenhorn,59,54,11,7,3,0,1,5,8,0,3
Tucker Barnhart,59,56,13,12,1,0,0,3,10,0,155
David Fletcher,59,56,16,12,2,0,2,3,3,0,186
Chuckie Robinson,59,55,9,6,3,0,0,4,8,0,163
Hunter Goodman,65,61,15,5,4,1,5,4,9,0,15
Rafael Devers,65,63,16,11,2,0,3,2,8,0,7
Michael Toglia,65,57,14,6,7,0,1,8,10,0,109
Braxton Fulford,65,58,10,8,1,1,0,7,8,0,129
Jorge Soler,65,57,14,8,2,0,4,8,12,0,8
Sean Bouchard,65,62,13,9,2,0,2,3,15,0,7
Brenton Doyle,64,62,22,14,6,1,1,2,7,0,300
Elehuris Montero,64,57,17,7,5,0,5,7,4,0,145
Daniel Johnson,64,58,14,8,1,0,5,6,6,0,7
Jordan Beck,64,58,17,8,4,1,4,6,8,0,157
Carlos Narváez,64,59,15,9,2,0,4,5,9,0,39
Yanquiel Fernández,64,61,12,8,1,1,2,3,8,0,9
Tommy Pham,64,57,12,6,2,1,3,7,10,0,315
Warming Bernabel,64,63,22,13,5,1,3,1,5,0,8
Ezequiel Tovar,64,60,19,8,6,0,5,4,7,0,150
Kyle Karros,64,60,13,8,4,1,0,4,7,0,259
Kris Bryant,64,57,18,14,3,0,1,7,8,0,4
Bobby Dalbec,64,56,10,7,2,1,0,8,12,0,208
Charlie Blackmon,64,60,12,9,2,0,1,4,7,0,7
James McCann,64,64,12,8,4,0,0,0,11,0,118
Adael Amador,64,60,16,10,5,0,1,4,8,0,71
Connor Joe,64,62,15,10,3,0,2,2,10,0,18
Alan Trejo,64,63,15,15,0,0,0,1,10,0,3
Kevin Smith,64,60,14,9,3,0,2,4,8,0,4
Luke Maile,64,62,16,11,2,0,3,2,7,0,216
Ty France,64,60,16,9,4,0,3,4,6,0,7
Harold Castro,64,61,14,7,7,0,0,3,5,0,2
Aaron Schunk,64,58,17,15,1,0,1,6,9,0,123
Nick Maton,64,61,16,11,1,0,4,3,8,0,6
Tim Anderson,64,57,15,13,2,0,0,7,7,0,188
Ryan Ritter,64,60,10,7,2,0,1,4,11,0,3
Brian Serven,64,63,16,13,3,0,0,1,9,0,58
Drew Romo,64,57,13,10,3,0,0,7,8,0,215
Yonathan Daza,64,58,17,14,2,0,1,6,4,0,32
Gunnar Henderson,127,110,28,20,4,0,4,17,16,0,381
Ryan McMahon,127,115,33,22,6,0,5,12,21,0,130
Jordan Westburg,127,119,29,24,2,0,3,8,16,0,243
Jeremiah Jackson,127,114,34,23,4,0,7,13,9,0,277
Colton Cowser,127,111,31,16,5,0,10,16,18,0,733
Ryan Mountcastle,127,123,27,17,5,1,4,4,22,0,134
Samuel Basallo,127,115,38,29,3,1,5,12,12,0,434
Jackson Holliday,127,116,29,20,3,0,6,11,20,0,20
Derek Hill,127,124,32,17,5,1,9,3,32,0,161
Oscar Gonzalez,127,117,41,34,2,0,5,10,11,0,120
Carson Kelly,127,117,32,23,6,2,1,10,17,0,10
Joshua Palacios,127,115,38,25,5,0,8,12,16,0,97
Dylan Beavers,127,112,31,20,6,0,5,15,17,0,15
Adley Rutschman,127,113,28,23,2,0,3,14,18,0,9
Jorge Mateo,127,118,37,25,8,0,4,9,14,0,440
Heston Kjerstad,127,118,32,21,8,0,3,9,13,0,11
Coby Mayo,127,109,24,14,5,3,2,18,17,0,218
Terrin Vavra,126,115,31,22,9,0,0,11,6,0,358
Oneil Cruz,70,64,22,11,8,0,3,6,9,0,16
David Dahl,70,65,18,5,4,0,9,5,11,0,18
Bryan Reynolds,70,65,16,7,6,1,2,5,7,0,137
Jared Young,70,63,21,13,2,0,6,7,6,0,162
Jack Suwinski,70,65,15,10,3,0,2,5,10,0,398
Andrew McCutchen,70,60,21,16,2,0,3,10,8,0,220
Nick Gonzales,70,67,18,13,2,1,2,3,6,0,7
Endy Rodríguez,70,62,15,12,2,0,1,8,9,0,7
Billy Cook,70,66,22,12,4,0,6,4,6,0,92
Liover Peguero,70,67,18,8,3,0,7,3,15,0,70
Billy McKinney,70,63,19,9,6,1,3,7,11,0,9
Henry Davis,70,66,17,12,3,0,2,4,8,0,40
Harrison Bader,70,63,21,17,2,0,2,7,11,0,9
Jared Triolo,70,63,16,12,3,0,1,7,12,0,300
Curtis Mead,70,65,13,8,5,0,0,5,10,0,4
Tucupita Marcano,70,63,16,11,3,0,2,7,6,0,323
Corey Julks,70,62,12,6,3,1,2,8,9,0,7
Joey Ortiz,70,69,18,14,2,0,2,1,10,0,90
Jon Berti,70,65,16,13,3,0,0,5,8,0,14
Nick Yorke,70,67,18,13,3,0,2,3,8,0,694
Joey Loperfido,70,63,14,12,1,1,0,7,7,0,112
Nick Ahmed,70,67,17,8,8,0,1,3,12,0,7
Jake Fraley,70,69,16,8,4,0,4,1,5,0,13
Taylor Trammell,70,63,14,10,3,0,1,7,11,0,46
Dominic Fletcher,70,67,14,11,1,1,1,3,9,0,170
Andrés Giménez,70,69,20,13,6,0,1,1,7,0,6
Isiah Kiner-Falefa,70,66,25,19,4,0,2,4,5,0,197
Ji Hwan Bae,70,60,7,4,2,1,0,10,6,0,2
Vidal Bruján,70,62,13,12,1,0,0,8,4,0,28
Jonathan Ornelas,70,60,16,7,9,0,0,10,12,0,101
Alika Williams,70,62,18,18,0,0,0,8,6,0,117
Jason Delay,69,66,17,16,1,0,0,3,6,0,77
Kyle Lewis,114,97,21,14,7,0,0,17,15,0,249
Trey Cabbage,114,110,28,15,9,0,4,4,19,0,20
Ketel Marte,113,103,31,22,3,0,6,10,10,0,865
Evan Longoria,113,100,17,8,4,1,4,13,26,0,156
Adrian Del Castillo,113,106,28,15,4,0,9,7,19,0,76
Pavin Smith,113,104,35,24,7,1,3,9,17,0,382
Alek Thomas,113,107,38,24,10,0,4,6,14,0,15
Paul Goldschmidt,113,106,23,15,1,1,6,7,16,0,16
Dominic Canzone,113,106,28,16,7,1,4,7,18,0,26
Corbin Carroll,113,98,24,17,4,1,2,15,12,0,262
Lourdes Gurriel Jr.,113,98,28,19,2,0,7,15,11,0,288
Blaze Alexander,113,101,29,15,5,0,9,12,10,0,17
Gabriel Moreno,113,105,35,23,9,0,3,8,15,0,212
Tim Tawa,113,104,26,13,7,0,6,9,22,0,151
Jorge Barrosa,113,108,23,17,3,1,2,5,14,0,9
Geraldo Perdomo,113,98,24,12,9,1,2,15,14,0,314
Jake McCarthy,113,103,25,18,2,1,4,10,16,0,87
Santiago Espinal,113,103,21,10,6,3,2,10,13,0,232
Jordan Lawlar,113,106,20,17,3,0,0,7,12,0,250
Jose Herrera,113,103,26,22,2,1,1,10,10,0,86
Jonathan Aranda,94,89,27,20,3,1,3,5,10,0,275
Bob Seymour,94,89,19,16,3,0,0,5,11,0,123
Yandy Díaz,94,87,26,17,4,1,4,7,11,0,107
Brandon Lowe,94,84,16,6,0,1,9,10,16,0,43
Matt Chapman,94,83,24,14,5,1,4,11,13,0,228
René Pinto,94,86,23,18,3,0,2,8,12,0,78
Junior Caminero,94,86,23,14,6,0,3,8,12,0,9
Wander Franco,94,85,25,17,6,0,2,9,12,0,128
Eloy Jiménez,94,86,29,18,5,2,4,8,8,0,14
Josh Lowe,94,90,18,7,6,0,5,4,15,0,13
Robbie Grossman,94,83,22,14,6,1,1,11,10,0,315
Francisco Mejía,94,88,27,20,2,0,5,6,8,0,369
Manuel Margot,94,86,20,16,3,0,1,8,8,0,4
Kameron Misner,94,90,25,19,2,0,4,4,19,0,356
Jake Mangum,94,90,14,10,4,0,0,4,13,0,242
Gio Urshela,94,87,25,18,4,0,3,7,11,0,394
Taylor Walls,93,83,18,11,5,0,2,10,12,0,7
Austin Shenton,93,78,21,13,5,1,2,15,11,0,5
Osleivis Basabe,93,88,20,15,4,0,1,5,11,0,320
Carson Williams,93,88,28,12,4,0,12,5,19,0,95
Tony Kemp,93,82,21,15,5,1,0,11,8,0,5
Samad Taylor,93,84,22,19,2,1,0,9,13,0,153
Ronny Simon,93,89,18,12,6,0,0,4,14,0,59
Chandler Simpson,93,82,13,10,3,0,0,11,10,0,26
Anthony Seigler,104,94,26,17,8,1,0,10,16,0,13
Randal Grichuk,104,101,18,7,7,0,4,3,15,0,256
William Contreras,104,93,24,14,3,0,7,11,17,0,192
Rhys Hoskins,104,89,26,15,3,0,8,15,17,0,534
Christian Yelich,104,96,31,20,4,0,7,8,11,0,276
Jackson Chourio,104,96,24,14,5,0,5,8,15,0,14
Kyle Tucker,104,98,28,18,6,0,4,6,12,0,74
Isaac Collins,104,94,26,19,4,0,3,10,11,0,64
Willy Adames,104,89,18,14,2,0,2,15,10,0,166
Oliver Dunn,104,100,26,16,8,0,2,4,21,0,155
Andruw Monasterio,104,89,17,13,4,0,0,15,15,0,273
Paul DeJong,104,98,26,17,4,0,5,6,18,0,369
Garrett Mitchell,104,90,26,19,3,0,4,14,12,0,10
Brice Turang,104,96,32,25,5,0,2,8,6,0,75
Blake Perkins,104,94,26,17,7,0,2,10,14,0,105
Caleb Durbin,104,96,25,16,7,0,2,8,12,0,16
Luke Voit,104,88,24,20,4,0,0,16,17,0,183
Tyler Black,104,95,17,13,4,0,0,9,12,0,4
Mike Brosseau,103,94,28,16,6,1,5,9,17,0,593
Michael Stefanic,103,91,22,18,4,0,0,12,8,0,115
Sal Frelick,103,89,23,15,5,0,3,14,10,0,250
Nicky Lopez,103,94,28,20,8,0,0,9,13,0,46
Vladimir Guerrero Jr.,126,113,30,11,10,2,7,13,18,0,130
Josh Donaldson,125,109,29,13,4,1,11,16,13,0,319
Daniel Vogelbach,125,109,30,22,4,0,4,16,14,0,337
Addison Barger,125,118,29,19,3,1,6,7,19,0,267
Jahmai Jones,125,121,36,23,6,0,7,4,15,0,18
Brandon Belt,125,112,33,22,2,2,7,13,23,0,19
Bo Bichette,125,120,34,21,8,0,5,5,9,0,233
Alejandro Kirk,125,112,26,20,4,0,2,13,7,0,203
Davis Schneider,125,106,35,23,5,0,7,19,15,0,448
Ryan O'Hearn,125,117,22,17,1,1,3,8,6,0,186
George Springer,125,112,32,19,7,0,6,13,12,0,169
David Peralta,125,117,34,30,3,0,1,8,17,0,232
Alex Verdugo,125,117,36,25,8,0,3,8,14,0,166
Leo Jiménez,125,115,28,21,5,0,2,10,20,0,200
Daulton Varsho,125,119,35,19,7,1,8,6,22,0,366
Nathan Lukes,125,118,27,16,5,0,6,7,10,0,19
Ernie Clement,125,117,21,14,5,0,2,8,9,0,330
Austin Nola,125,116,18,15,2,0,1,9,15,0,237
Fernando Tatis Jr.,121,110,33,16,9,0,8,11,10,0,490
Manny Machado,121,112,32,24,5,0,3,9,11,0,226
Randy Arozarena,121,105,26,16,4,1,5,16,22,0,242
Gary Sánchez,121,112,38,21,8,1,8,9,18,0,268
Jackson Merrill,121,110,37,24,5,1,7,11,8,0,102
Nelson Cruz,121,105,22,13,5,0,4,16,14,0,51
Graham Pauley,121,110,37,26,5,0,6,11,8,0,97
Alex Bregman,121,108,25,17,5,0,3,13,14,0,393
Rougned Odor,120,106,22,16,2,0,4,14,11,0,362
Xander Bogaerts,120,111,27,18,8,0,1,9,19,0,424
Spencer Horwitz,120,111,14,8,3,0,3,9,16,0,250
Mike Tauchman,120,110,25,16,6,0,3,10,17,0,129
Justin Turner,120,112,33,28,1,0,4,8,7,0,9
Jake Cronenworth,120,111,29,21,3,1,4,9,10,0,12
Brandon Dixon,120,111,48,36,9,1,2,9,12,0,357
Estevan Florial,120,111,25,16,6,0,3,9,25,0,145
Eguy Rosario,120,116,32,11,9,0,12,4,22,0,78
Luis Campusano,120,110,25,15,4,1,5,10,7,0,219
Matthew Batten,120,109,25,20,3,0,2,11,11,0,273
Matt Wallner,128,118,32,19,6,0,7,10,23,0,46
Byron Buxton,128,121,32,13,6,0,13,7,18,0,157
Alex Kirilloff,128,109,39,22,7,2,8,19,10,0,737
Trevor Larnach,128,110,29,15,7,1,6,18,19,0,168
Ryan Fitzgerald,128,112,32,16,8,0,8,16,13,0,200
Royce Lewis,128,117,31,20,4,1,6,11,14,0,17
Ryan Jeffers,128,115,31,19,6,0,6,13,13,0,100
Jared Walsh,128,115,20,13,2,1,4,13,28,0,14
Mitch Garver,128,118,36,24,3,0,9,10,16,0,390
Edouard Julien,128,113,30,18,6,0,6,15,19,0,268
Austin Martin,128,106,35,25,9,0,1,22,16,0,78
Jose Miranda,128,117,39,23,9,0,7,11,10,0,135
Luke Keaschall,128,115,20,10,5,2,3,13,13,0,390
Pablo Reyes,128,120,30,20,8,0,2,8,18,0,546
Brooks Lee,128,123,31,26,4,1,0,5,13,0,215
Christian Vázquez,128,118,32,20,10,0,2,10,21,0,16
DaShawn Keirsey Jr.,127,119,32,22,5,1,4,8,11,0,339
Vinny Capra,127,120,28,23,4,0,1,7,20,0,341
Julio Rodríguez,177,166,45,25,9,0,11,11,13,0,127
Christopher Morel,177,167,48,24,7,1,16,10,23,0,498
Cal Raleigh,177,166,48,34,4,1,9,11,20,0,279
Cade Marlowe,177,160,34,20,7,0,7,17,27,0,358
J.P. Crawford,177,160,50,29,12,0,9,17,21,0,489
Ryan Bliss,177,151,39,21,9,1,8,26,19,0,327
Isaac Paredes,177,153,38,24,8,2,4,24,23,0,235
Chadwick Tromp,176,165,40,30,9,0,1,11,26,0,147
Leo Rivas,176,154,38,25,10,1,2,22,28,0,465
Matt Thaiss,176,153,48,31,8,0,9,23,27,0,209
Alex Call,176,163,28,19,3,1,5,13,29,0,17
Ben Williamson,176,162,38,29,5,2,2,14,25,0,439
Cole Young,176,165,41,29,8,0,4,11,19,0,288
Colson Montgomery,87,82,21,10,3,0,8,5,16,0,200
Bryan Ramos,87,78,18,12,5,0,1,9,14,0,11
Josh Bell,87,78,22,12,4,2,4,9,7,0,652
Kyle Teel,87,81,18,8,7,0,3,6,17,0,9
Brooks Baldwin,87,85,15,10,2,0,3,2,13,0,344
Ryan Vilade,87,83,14,8,4,0,2,4,11,0,5
Donovan Solano,87,83,17,10,2,1,4,4,10,0,192
Luis Robert Jr.,87,79,23,15,5,0,3,8,5,0,226
Mike Ford,87,76,18,9,2,0,7,11,9,0,249
Buddy Kennedy,87,78,20,11,5,0,4,9,14,0,8
Oscar Colás,87,81,20,9,8,1,2,6,11,0,8
Blake Sabol,87,74,12,5,2,0,5,13,5,0,148
Matt Mervis,87,82,22,12,5,1,4,5,14,0,25
Lenyn Sosa,87,80,24,18,2,0,4,7,10,0,167
Edgar Quero,87,81,23,15,4,0,4,6,7,0,238
Nick Senzel,87,78,20,12,3,0,5,9,9,0,405
Andrew Benintendi,87,82,19,14,3,0,2,5,11,0,122
Korey Lee,87,82,28,18,5,0,5,5,11,0,17
Elvis Andrus,87,77,30,18,7,0,5,10,5,0,43
Chase Meidroth,87,82,20,15,3,0,2,5,13,0,9
Zach Remillard,87,81,18,14,3,0,1,6,20,0,7
Hanser Alberto,86,85,30,22,3,0,5,1,8,0,361
Zach DeLoach,86,75,24,20,2,1,1,11,11,0,343
Tim Elko,86,80,27,14,2,0,11,6,16,0,65
Clint Frazier,86,76,18,13,5,0,0,10,12,0,231
Seiya Suzuki,74,68,17,12,3,0,2,6,8,0,9
Tom Murphy,74,68,20,15,2,0,3,6,11,0,52
Everson Pereira,74,65,15,14,1,0,0,9,14,0,3
Patrick Wisdom,74,68,18,12,2,0,4,6,8,0,107
Anthony Santander,74,66,20,12,2,1,5,8,7,0,187
Tyler O'Neill,73,68,22,12,2,0,8,5,10,0,19
Ian Happ,73,69,21,12,6,0,3,4,8,0,148
Dansby Swanson,73,69,16,10,2,0,4,4,10,0,339
Emmanuel Rivera,73,67,16,9,6,0,1,6,8,0,55
Trey Mancini,73,66,15,7,5,0,3,7,9,0,93
Martín Maldonado,73,66,22,14,4,0,4,7,10,0,10
Yan Gomes,73,71,23,16,4,2,1,2,11,0,9
Ke'Bryan Hayes,73,67,14,10,3,0,1,6,12,0,7
Eric Haase,73,66,13,6,5,0,2,7,15,0,5
Brendan Rodgers,73,67,12,9,3,0,0,6,12,0,103
Miguel Amaya,73,70,21,13,4,0,4,3,5,0,8
Amed Rosario,73,70,21,17,2,1,1,3,9,0,3
Edward Olivares,73,67,17,9,1,1,6,6,8,0,31
Pete Crow-Armstrong,73,65,16,9,4,0,3,8,6,0,711
Willie Calhoun,73,69,16,10,5,0,1,4,8,0,6
Matt Carpenter,73,69,11,10,1,0,0,4,6,0,280
Matt Shaw,73,67,21,15,5,0,1,6,5,0,8
Moisés Ballesteros,73,66,21,16,4,0,1,7,7,0,79
Nico Hoerner,73,68,20,11,7,1,1,5,6,0,10
Travis Jankowski,73,68,16,16,0,0,0,5,7,0,449
Ben Rortvedt,73,68,15,9,4,0,2,5,12,0,185
Luis Arraez,73,68,19,10,7,1,1,5,5,0,5
Nick Madrigal,73,66,19,16,2,1,0,7,7,0,15
Eric Hosmer,73,66,16,9,7,0,0,7,10,0,224
Tyler Wade,73,64,10,7,3,0,0,9,7,0,224
Bubba Thompson,73,64,14,11,3,0,0,9,9,0,205
Pete Alonso,88,83,24,12,5,0,7,5,10,0,18
Kyle Higashioka,88,82,24,11,6,0,7,6,8,0,13
Eric Wagaman,88,84,20,14,5,0,1,4,15,0,160
Eugenio Suárez,88,82,23,16,3,1,3,6,16,0,10
Mark Vientos,88,85,27,17,2,1,7,3,12,0,13
Brandon Nimmo,88,82,27,17,7,0,3,6,6,0,39
Nolan Jones,88,82,26,15,9,0,2,6,12,0,75
DJ Stewart,88,80,24,15,4,0,5,8,14,0,126
Francisco Lindor,88,85,24,11,7,0,6,3,14,0,53
Francisco Alvarez,88,74,22,17,2,0,3,14,10,0,39
Ronny Mauricio,88,80,23,11,6,0,6,8,6,0,499
Michael Conforto,87,79,25,16,4,0,5,8,13,0,207
Brett Baty,87,79,19,13,2,2,2,8,12,0,8
Yasmani Grandal,87,80,17,13,1,1,2,7,18,0,227
Hayden Senger,87,83,15,12,3,0,0,4,11,0,367
Starling Marte,87,80,20,12,5,2,1,7,15,0,70
Cody Bellinger,87,81,17,16,0,0,1,6,10,0,3
Jake Marisnick,87,82,15,10,2,0,3,5,10,0,132
Austin Wynns,87,81,18,11,3,0,4,6,16,0,105
Dominic Smith,87,83,24,15,5,0,4,4,8,0,586
Jeff McNeil,87,82,21,12,3,1,5,5,6,0,372
Jose Trevino,87,85,23,16,3,0,4,2,13,0,198
Jonathan Araúz,87,78,17,10,4,0,3,9,12,0,7
Luisangel Acuña,87,76,22,16,3,0,3,11,9,0,98
Steward Berroa,87,75,16,12,4,0,0,12,15,0,204
Tim Locastro,87,80,22,11,7,0,4,7,15,0,227
Riley Greene,60,56,20,12,3,0,5,4,10,0,9
Jarred Kelenic,60,53,16,11,3,0,2,7,9,0,178
Dillon Dingler,60,59,15,6,7,0,2,1,7,0,36
Kerry Carpenter,60,57,11,7,1,0,3,3,9,0,9
Spencer Torkelson,60,55,15,10,3,0,2,5,9,0,3
Trey Sweeney,60,59,11,7,2,0,2,1,8,0,5
Jake Rogers,60,56,15,5,7,0,3,4,9,0,5
Kody Clemens,60,53,16,10,4,0,2,7,5,0,6
Bryan De La Cruz,60,59,11,8,1,0,2,1,5,0,4
Wenceel Pérez,60,58,11,6,1,0,4,2,5,0,102
Dylan Moore,60,57,17,7,3,0,7,3,15,0,12
Jonathan Schoop,60,54,10,9,1,0,0,6,6,0,304
Andy Ibáñez,60,55,12,7,3,0,2,5,4,0,7
Danny Jansen,60,53,11,8,1,1,1,7,6,0,5
Miguel Cabrera,60,56,15,13,1,0,1,4,6,0,477
Trenton Brooks,60,56,12,10,1,0,1,4,7,0,4
Colt Keith,60,52,9,4,3,0,2,8,3,0,8
Akil Baddoo,60,55,17,12,4,0,1,5,8,0,4
Matt Vierling,60,53,9,4,2,0,3,7,7,0,143
Gleyber Torres,60,53,9,5,3,0,1,7,5,0,5
Justyn-Henry Malloy,59,54,11,5,4,0,2,5,7,0,143
José Tena,59,56,23,19,4,0,0,3,7,0,119
Leody Taveras,59,58,13,10,1,0,2,1,6,0,118
Gavin Sheets,59,55,14,12,1,0,1,4,6,0,136
Tristan Gray,59,54,14,9,4,0,1,5,2,0,128
Jason Heyward,59,56,16,11,2,0,3,3,4,0,11
Freddy Fermin,59,51,7,3,2,0,2,8,7,0,158
Parker Meadows,59,56,11,6,3,0,2,3,7,0,5
Zach McKinstry,59,55,17,11,5,0,1,4,8,0,5
Javier Báez,59,58,16,10,5,0,1,1,6,0,195
Victor Robles,59,56,12,8,3,0,1,3,1,0,4
Coco Montes,59,56,14,9,2,1,2,3,7,0,97
Michael Helman,59,52,12,8,1,0,3,7,1,0,48
Ryan Kreidler,59,53,14,10,2,2,0,6,5,0,184
Ildemaro Vargas,59,55,16,8,4,1,3,4,4,0,7
Harold Ramírez,59,58,13,9,1,1,2,1,5,0,88
Jace Jung,59,57,10,7,3,0,0,2,13,0,23
Gabriel Arias,86,80,30,16,9,0,5,6,8,0,22
Kyle Manzardo,86,75,21,14,3,0,4,11,12,0,244
C.J. Cron,86,80,21,14,6,0,1,6,11,0,7
Daniel Schneemann,86,78,19,10,5,0,4,8,14,0,88
Mike Zunino,86,79,22,16,4,0,2,7,9,0,23
C.J. Kayfus,86,81,23,11,5,0,7,5,12,0,47
José Ramírez,85,82,23,16,4,0,3,3,5,0,8
Johnathan Rodríguez,85,80,23,15,2,0,6,5,11,0,100
Jhonkensy Noel,85,77,25,12,5,0,8,8,9,0,169
Seby Zavala,85,78,18,10,7,0,1,7,13,0,74
James Outman,85,82,24,14,4,1,5,3,16,0,185
David Fry,85,77,19,12,4,0,3,8,5,0,120
Will Wilson,85,74,17,14,3,0,0,11,7,0,148
Bo Naylor,85,82,21,13,7,0,1,3,11,0,159
Aledmys Díaz,85,82,20,14,4,0,2,3,9,0,132
Kole Calhoun,85,76,23,10,7,1,5,9,8,0,13
Brayan Rocchio,85,75,16,11,2,0,3,10,11,0,5
Will Brennan,85,80,20,11,7,0,2,5,11,0,606
Adam Frazier,85,82,33,24,5,0,4,3,4,0,12
J.P. Martínez,85,76,20,12,7,0,1,9,10,0,204
Angel Martínez,85,79,17,14,3,0,0,6,7,0,443
Steven Kwan,85,75,21,16,2,1,2,10,9,0,557
Eduardo Escobar,85,76,20,13,4,1,2,9,11,0,8
Cam Gallagher,85,78,15,11,4,0,0,7,11,0,5
Matt Beaty,85,76,17,15,0,0,2,9,14,0,247
Mark Mathias,85,76,19,14,5,0,0,9,11,0,2
Sandy León,85,78,20,15,4,0,1,7,8,0,10
